Name,Date,Value
DFM estimate,2005-01,
DFM estimate,2005-02,
DFM estimate,2005-03,
DFM estimate,2005-04,
DFM estimate,2005-05,
DFM estimate,2005-06,
DFM estimate,2005-07,
DFM estimate,2005-08,
DFM estimate,2005-09,
DFM estimate,2005-10,
DFM estimate,2005-11,
DFM estimate,2005-12,
DFM estimate,2006-01,
DFM estimate,2006-02,
DFM estimate,2006-03,5.7
DFM estimate,2006-04,6.1
DFM estimate,2006-05,6.5
DFM estimate,2006-06,7.3
DFM estimate,2006-07,7.5
DFM estimate,2006-08,7
DFM estimate,2006-09,6.8
DFM estimate,2006-10,7.2
DFM estimate,2006-11,7.5
DFM estimate,2006-12,7.8
DFM estimate,2007-01,7.6
DFM estimate,2007-02,8.2
DFM estimate,2007-03,8.7
DFM estimate,2007-04,9.1
DFM estimate,2007-05,9
DFM estimate,2007-06,8.6
DFM estimate,2007-07,8.6
DFM estimate,2007-08,8.4
DFM estimate,2007-09,8.3
DFM estimate,2007-10,8
DFM estimate,2007-11,7.9
DFM estimate,2007-12,7.7
DFM estimate,2008-01,7.8
DFM estimate,2008-02,7.5
DFM estimate,2008-03,6.9
DFM estimate,2008-04,6.5
DFM estimate,2008-05,6.5
DFM estimate,2008-06,7
DFM estimate,2008-07,6.7
DFM estimate,2008-08,6.6
DFM estimate,2008-09,6.2
DFM estimate,2008-10,5.6
DFM estimate,2008-11,4
DFM estimate,2008-12,1.1
DFM estimate,2009-01,-1.6
DFM estimate,2009-02,-3.9
DFM estimate,2009-03,-5.1
DFM estimate,2009-04,-6.4
DFM estimate,2009-05,-7.1
DFM estimate,2009-06,-7.9
DFM estimate,2009-07,-8.1
DFM estimate,2009-08,-8.4
DFM estimate,2009-09,-8.5
DFM estimate,2009-10,-8.7
DFM estimate,2009-11,-8
DFM estimate,2009-12,-6.5
DFM estimate,2010-01,-4.8
DFM estimate,2010-02,-3.2
DFM estimate,2010-03,-1.9
DFM estimate,2010-04,-0.8
DFM estimate,2010-05,-0.5
DFM estimate,2010-06,-0.6
DFM estimate,2010-07,-1.1
DFM estimate,2010-08,-1.4
DFM estimate,2010-09,-1.5
DFM estimate,2010-10,-1.2
DFM estimate,2010-11,-0.5
DFM estimate,2010-12,-0.1
DFM estimate,2011-01,0.7
DFM estimate,2011-02,1
DFM estimate,2011-03,1.3
DFM estimate,2011-04,1.3
DFM estimate,2011-05,1.8
DFM estimate,2011-06,2.2
DFM estimate,2011-07,3
DFM estimate,2011-08,3.7
DFM estimate,2011-09,4.3
DFM estimate,2011-10,4.4
DFM estimate,2011-11,4.3
DFM estimate,2011-12,4.2
DFM estimate,2012-01,4
DFM estimate,2012-02,3.4
DFM estimate,2012-03,3.3
DFM estimate,2012-04,3.2
DFM estimate,2012-05,3.6
DFM estimate,2012-06,3.9
DFM estimate,2012-07,3.7
DFM estimate,2012-08,3.3
DFM estimate,2012-09,2.9
DFM estimate,2012-10,2.8
DFM estimate,2012-11,2.6
DFM estimate,2012-12,2.8
DFM estimate,2013-01,2.9
DFM estimate,2013-02,3.4
DFM estimate,2013-03,3.3
DFM estimate,2013-04,3.2
DFM estimate,2013-05,2.2
DFM estimate,2013-06,1.9
DFM estimate,2013-07,1.8
DFM estimate,2013-08,2.3
DFM estimate,2013-09,2.7
DFM estimate,2013-10,2.8
DFM estimate,2013-11,3
DFM estimate,2013-12,2.8
DFM estimate,2014-01,2.8
DFM estimate,2014-02,3
DFM estimate,2014-03,3.2
DFM estimate,2014-04,3.3
DFM estimate,2014-05,3.5
DFM estimate,2014-06,3.5
DFM estimate,2014-07,3.8
DFM estimate,2014-08,3.6
DFM estimate,2014-09,3.6
DFM estimate,2014-10,3.6
DFM estimate,2014-11,3.8
DFM estimate,2014-12,4
DFM estimate,2015-01,4.1
DFM estimate,2015-02,4
DFM estimate,2015-03,4.1
DFM estimate,2015-04,4.1
DFM estimate,2015-05,4.5
DFM estimate,2015-06,4.8
DFM estimate,2015-07,4.9
DFM estimate,2015-08,5
DFM estimate,2015-09,5
DFM estimate,2015-10,5.2
DFM estimate,2015-11,5
DFM estimate,2015-12,5.1
DFM estimate,2016-01,4.9
DFM estimate,2016-02,5.1
DFM estimate,2016-03,5.2
DFM estimate,2016-04,5.4
DFM estimate,2016-05,5.2
DFM estimate,2016-06,5.1
DFM estimate,2016-07,4.8
DFM estimate,2016-08,5.1
DFM estimate,2016-09,5
DFM estimate,2016-10,5
DFM estimate,2016-11,5
DFM estimate,2016-12,5.3
DFM estimate,2017-01,5.7
DFM estimate,2017-02,5.8
DFM estimate,2017-03,5.9
DFM estimate,2017-04,5.9
DFM estimate,2017-05,6.4
DFM estimate,2017-06,6.4
DFM estimate,2017-07,6.5
DFM estimate,2017-08,6.2
DFM estimate,2017-09,6.3
DFM estimate,2017-10,6.2
DFM estimate,2017-11,5.9
DFM estimate,2017-12,5.5
DFM estimate,2018-01,5
DFM estimate,2018-02,4.4
DFM estimate,2018-03,4.1
DFM estimate,2018-04,3.6
DFM estimate,2018-05,3.5
DFM estimate,2018-06,3.5
DFM estimate,2018-07,3.7
DFM estimate,2018-08,3.6
DFM estimate,2018-09,3.3
DFM estimate,2018-10,3.4
DFM estimate,2018-11,3.6
DFM estimate,2018-12,3.5
DFM estimate,2019-01,3.7
DFM estimate,2019-02,4
DFM estimate,2019-03,4.3
DFM estimate,2019-04,4.3
DFM estimate,2019-05,4
DFM estimate,2019-06,3.7
DFM estimate,2019-07,3.4
DFM estimate,2019-08,3.2
DFM estimate,2019-09,3.1
DFM estimate,2019-10,3
DFM estimate,2019-11,3.1
DFM estimate,2019-12,3.2
DFM estimate,2020-01,3.3
DFM estimate,2020-02,3
DFM estimate,2020-03,1.6
DFM estimate,2020-04,-3.7
DFM estimate,2020-05,-7.6
DFM estimate,2020-06,-9
DFM estimate,2020-07,-5.8
DFM estimate,2020-08,-3.3
DFM estimate,2020-09,-2
DFM estimate,2020-10,-1.2
DFM estimate,2020-11,-1.2
DFM estimate,2020-12,-1.4
DFM estimate,2021-01,-1.5
DFM estimate,2021-02,-1.2
DFM estimate,2021-03,0.3
DFM estimate,2021-04,6.2
DFM estimate,2021-05,11.2
DFM estimate,2021-06,13.4
DFM estimate,2021-07,9.8
DFM estimate,2021-08,7.5
DFM estimate,2021-09,6
DFM estimate,2021-10,5
DFM estimate,2021-11,4.6
DFM estimate,2021-12,5
DFM estimate,2022-01,5.3
DFM estimate,2022-02,5.4
DFM estimate,2022-03,5
DFM estimate,2022-04,4.6
DFM estimate,2022-05,4.2
DFM estimate,2022-06,3.9
DFM estimate,2022-07,3.8
DFM estimate,2022-08,3.7
DFM estimate,2022-09,3.8
DFM estimate,2022-10,3.7
DFM estimate,2022-11,3.8
DFM estimate,2022-12,3.5
DFM estimate,2023-01,3.1
DFM estimate,2023-02,2.9
DFM estimate,2023-03,3
DFM estimate,2023-04,3
DFM estimate,2023-05,3.1
DFM estimate,2023-06,3.1
DFM estimate,2023-07,3.1
DFM estimate,2023-08,2.9
DFM estimate,2023-09,2.8
DFM estimate,2023-10,3
DFM estimate,2023-11,3
DFM estimate,2023-12,3.2
DFM estimate,2024-01,3.2
DFM estimate,2024-02,3.3
DFM estimate,2024-03,3.3
DFM estimate,2024-04,3.6
DFM estimate,2024-05,3.1
DFM estimate,2024-06,3.1
DFM estimate,2024-07,2.7
DFM estimate,2024-08,3
DFM estimate,2024-09,2.8
DFM estimate,2024-10,2.9
DFM estimate,2024-11,3.2
DFM estimate,2024-12,3
DFM estimate,2025-01,2.4
DFM estimate,2025-02,1.5
DFM estimate,2025-03,1
DFM estimate,2025-04,0.7
DFM estimate,2025-05,1
DFM estimate,2025-06,1.1
DFM estimate,2025-07,1.6
DFM estimate,2025-08,1.5
DFM estimate,2025-09,1.8
DFM estimate,2025-10,1.8
DFM estimate,2025-11,1.6
DFM estimate,2025-12,1.8
DFM estimate,2026-01,
DFM estimate,2026-02,
DFM estimate,2026-03,
DFM estimate,2026-04,
DFM estimate,2026-05,
DFM estimate,2026-06,
DFM estimate,2026-07,
DFM estimate,2026-08,
DFM estimate,2026-09,
DFM estimate,2026-10,
DFM estimate,2026-11,
DFM estimate,2026-12,
DFM estimate,2027-01,
DFM estimate,2027-02,
DFM estimate,2027-03,
DFM estimate,2027-04,
DFM estimate,2027-05,
DFM estimate,2027-06,
DFM estimate,2027-07,
DFM estimate,2027-08,
DFM estimate,2027-09,
DFM estimate,2027-10,
DFM estimate,2027-11,
DFM estimate,2027-12,
DFM estimate,2028-01,
DFM estimate,2028-02,
DFM estimate,2028-03,
DFM estimate,2028-04,
DFM estimate,2028-05,
DFM estimate,2028-06,
DFM estimate,2028-07,
DFM estimate,2028-08,
DFM estimate,2028-09,
DFM estimate,2028-10,
DFM estimate,2028-11,
DFM estimate,2028-12,
DFM estimate,2029-01,
DFM estimate,2029-02,
DFM estimate,2029-03,
DFM estimate,2029-04,
DFM estimate,2029-05,
DFM estimate,2029-06,
DFM estimate,2029-07,
DFM estimate,2029-08,
DFM estimate,2029-09,
DFM estimate,2029-10,
DFM estimate,2029-11,
DFM estimate,2029-12,
DFM estimate,2030-01,
DFM estimate,2030-02,
DFM estimate,2030-03,
DFM estimate,2030-04,
DFM estimate,2030-05,
DFM estimate,2030-06,
DFM estimate,2030-07,
DFM estimate,2030-08,
DFM estimate,2030-09,
DFM estimate,2030-10,
DFM estimate,2030-11,
DFM estimate,2030-12,
Market consensus,2005-01,
Market consensus,2005-02,
Market consensus,2005-03,
Market consensus,2005-04,
Market consensus,2005-05,
Market consensus,2005-06,
Market consensus,2005-07,
Market consensus,2005-08,
Market consensus,2005-09,
Market consensus,2005-10,
Market consensus,2005-11,
Market consensus,2005-12,
Market consensus,2006-01,
Market consensus,2006-02,
Market consensus,2006-03,
Market consensus,2006-04,
Market consensus,2006-05,
Market consensus,2006-06,
Market consensus,2006-07,
Market consensus,2006-08,
Market consensus,2006-09,
Market consensus,2006-10,
Market consensus,2006-11,
Market consensus,2006-12,
Market consensus,2007-01,
Market consensus,2007-02,
Market consensus,2007-03,
Market consensus,2007-04,
Market consensus,2007-05,
Market consensus,2007-06,
Market consensus,2007-07,
Market consensus,2007-08,
Market consensus,2007-09,
Market consensus,2007-10,
Market consensus,2007-11,
Market consensus,2007-12,
Market consensus,2008-01,
Market consensus,2008-02,
Market consensus,2008-03,
Market consensus,2008-04,
Market consensus,2008-05,
Market consensus,2008-06,
Market consensus,2008-07,
Market consensus,2008-08,
Market consensus,2008-09,
Market consensus,2008-10,
Market consensus,2008-11,
Market consensus,2008-12,
Market consensus,2009-01,
Market consensus,2009-02,
Market consensus,2009-03,
Market consensus,2009-04,
Market consensus,2009-05,
Market consensus,2009-06,
Market consensus,2009-07,
Market consensus,2009-08,
Market consensus,2009-09,
Market consensus,2009-10,
Market consensus,2009-11,
Market consensus,2009-12,
Market consensus,2010-01,
Market consensus,2010-02,
Market consensus,2010-03,
Market consensus,2010-04,
Market consensus,2010-05,
Market consensus,2010-06,
Market consensus,2010-07,
Market consensus,2010-08,
Market consensus,2010-09,
Market consensus,2010-10,
Market consensus,2010-11,
Market consensus,2010-12,
Market consensus,2011-01,
Market consensus,2011-02,
Market consensus,2011-03,
Market consensus,2011-04,
Market consensus,2011-05,
Market consensus,2011-06,
Market consensus,2011-07,
Market consensus,2011-08,
Market consensus,2011-09,
Market consensus,2011-10,
Market consensus,2011-11,
Market consensus,2011-12,
Market consensus,2012-01,
Market consensus,2012-02,
Market consensus,2012-03,
Market consensus,2012-04,
Market consensus,2012-05,
Market consensus,2012-06,
Market consensus,2012-07,
Market consensus,2012-08,
Market consensus,2012-09,
Market consensus,2012-10,
Market consensus,2012-11,
Market consensus,2012-12,
Market consensus,2013-01,
Market consensus,2013-02,
Market consensus,2013-03,
Market consensus,2013-04,
Market consensus,2013-05,
Market consensus,2013-06,
Market consensus,2013-07,
Market consensus,2013-08,
Market consensus,2013-09,
Market consensus,2013-10,
Market consensus,2013-11,
Market consensus,2013-12,
Market consensus,2014-01,
Market consensus,2014-02,
Market consensus,2014-03,
Market consensus,2014-04,
Market consensus,2014-05,
Market consensus,2014-06,
Market consensus,2014-07,
Market consensus,2014-08,
Market consensus,2014-09,
Market consensus,2014-10,
Market consensus,2014-11,
Market consensus,2014-12,2.3
Market consensus,2015-01,
Market consensus,2015-02,
Market consensus,2015-03,2.7
Market consensus,2015-04,
Market consensus,2015-05,
Market consensus,2015-06,4.1
Market consensus,2015-07,
Market consensus,2015-08,
Market consensus,2015-09,3
Market consensus,2015-10,
Market consensus,2015-11,
Market consensus,2015-12,3.8
Market consensus,2016-01,
Market consensus,2016-02,
Market consensus,2016-03,3.8
Market consensus,2016-04,
Market consensus,2016-05,
Market consensus,2016-06,4.1
Market consensus,2016-07,
Market consensus,2016-08,
Market consensus,2016-09,5.1
Market consensus,2016-10,
Market consensus,2016-11,
Market consensus,2016-12,4.7
Market consensus,2017-01,
Market consensus,2017-02,
Market consensus,2017-03,4.4
Market consensus,2017-04,
Market consensus,2017-05,
Market consensus,2017-06,4.8
Market consensus,2017-07,
Market consensus,2017-08,
Market consensus,2017-09,5.8
Market consensus,2017-10,
Market consensus,2017-11,
Market consensus,2017-12,7
Market consensus,2018-01,
Market consensus,2018-02,
Market consensus,2018-03,5.4
Market consensus,2018-04,
Market consensus,2018-05,
Market consensus,2018-06,3.8
Market consensus,2018-07,
Market consensus,2018-08,
Market consensus,2018-09,3.3
Market consensus,2018-10,
Market consensus,2018-11,
Market consensus,2018-12,3.9
Market consensus,2019-01,
Market consensus,2019-02,
Market consensus,2019-03,3.9
Market consensus,2019-04,
Market consensus,2019-05,
Market consensus,2019-06,4.5
Market consensus,2019-07,
Market consensus,2019-08,
Market consensus,2019-09,3.8
Market consensus,2019-10,
Market consensus,2019-11,
Market consensus,2019-12,3.3
Market consensus,2020-01,
Market consensus,2020-02,
Market consensus,2020-03,1.8
Market consensus,2020-04,
Market consensus,2020-05,
Market consensus,2020-06,-10.6
Market consensus,2020-07,
Market consensus,2020-08,
Market consensus,2020-09,-4
Market consensus,2020-10,
Market consensus,2020-11,
Market consensus,2020-12,-5.9
Market consensus,2021-01,
Market consensus,2021-02,
Market consensus,2021-03,-1.7
Market consensus,2021-04,
Market consensus,2021-05,
Market consensus,2021-06,14.5
Market consensus,2021-07,
Market consensus,2021-08,
Market consensus,2021-09,9.8
Market consensus,2021-10,
Market consensus,2021-11,
Market consensus,2021-12,4.8
Market consensus,2022-01,
Market consensus,2022-02,
Market consensus,2022-03,2.2
Market consensus,2022-04,
Market consensus,2022-05,
Market consensus,2022-06,3.5
Market consensus,2022-07,
Market consensus,2022-08,
Market consensus,2022-09,5.5
Market consensus,2022-10,
Market consensus,2022-11,
Market consensus,2022-12,4.4
Market consensus,2023-01,
Market consensus,2023-02,
Market consensus,2023-03,3.4
Market consensus,2023-04,
Market consensus,2023-05,
Market consensus,2023-06,2.4
Market consensus,2023-07,
Market consensus,2023-08,
Market consensus,2023-09,2.5
Market consensus,2023-10,
Market consensus,2023-11,
Market consensus,2023-12,2.3
Market consensus,2024-01,
Market consensus,2024-02,
Market consensus,2024-03,2.7
Market consensus,2024-04,
Market consensus,2024-05,
Market consensus,2024-06,2.8
Market consensus,2024-07,
Market consensus,2024-08,
Market consensus,2024-09,1.9
Market consensus,2024-10,
Market consensus,2024-11,
Market consensus,2024-12,1.5
Market consensus,2025-01,
Market consensus,2025-02,
Market consensus,2025-03,
Market consensus,2025-04,
Market consensus,2025-05,
Market consensus,2025-06,
Market consensus,2025-07,
Market consensus,2025-08,
Market consensus,2025-09,
Market consensus,2025-10,
Market consensus,2025-11,
Market consensus,2025-12,
Market consensus,2026-01,
Market consensus,2026-02,
Market consensus,2026-03,
Market consensus,2026-04,
Market consensus,2026-05,
Market consensus,2026-06,
Market consensus,2026-07,
Market consensus,2026-08,
Market consensus,2026-09,
Market consensus,2026-10,
Market consensus,2026-11,
Market consensus,2026-12,
Market consensus,2027-01,
Market consensus,2027-02,
Market consensus,2027-03,
Market consensus,2027-04,
Market consensus,2027-05,
Market consensus,2027-06,
Market consensus,2027-07,
Market consensus,2027-08,
Market consensus,2027-09,
Market consensus,2027-10,
Market consensus,2027-11,
Market consensus,2027-12,
Market consensus,2028-01,
Market consensus,2028-02,
Market consensus,2028-03,
Market consensus,2028-04,
Market consensus,2028-05,
Market consensus,2028-06,
Market consensus,2028-07,
Market consensus,2028-08,
Market consensus,2028-09,
Market consensus,2028-10,
Market consensus,2028-11,
Market consensus,2028-12,
Market consensus,2029-01,
Market consensus,2029-02,
Market consensus,2029-03,
Market consensus,2029-04,
Market consensus,2029-05,
Market consensus,2029-06,
Market consensus,2029-07,
Market consensus,2029-08,
Market consensus,2029-09,
Market consensus,2029-10,
Market consensus,2029-11,
Market consensus,2029-12,
Market consensus,2030-01,
Market consensus,2030-02,
Market consensus,2030-03,
Market consensus,2030-04,
Market consensus,2030-05,
Market consensus,2030-06,
Market consensus,2030-07,
Market consensus,2030-08,
Market consensus,2030-09,
Market consensus,2030-10,
Market consensus,2030-11,
Market consensus,2030-12,
GDP,2005-01,
GDP,2005-02,
GDP,2005-03,6.7
GDP,2005-04,
GDP,2005-05,
GDP,2005-06,5.5
GDP,2005-07,
GDP,2005-08,
GDP,2005-09,2.8
GDP,2005-10,
GDP,2005-11,
GDP,2005-12,4.6
GDP,2006-01,
GDP,2006-02,
GDP,2006-03,4.9
GDP,2006-04,
GDP,2006-05,
GDP,2006-06,11.4
GDP,2006-07,
GDP,2006-08,
GDP,2006-09,8.3
GDP,2006-10,
GDP,2006-11,
GDP,2006-12,7.4
GDP,2007-01,
GDP,2007-02,
GDP,2007-03,6.7
GDP,2007-04,
GDP,2007-05,
GDP,2007-06,7
GDP,2007-07,
GDP,2007-08,
GDP,2007-09,6.2
GDP,2007-10,
GDP,2007-11,
GDP,2007-12,8.7
GDP,2008-01,
GDP,2008-02,
GDP,2008-03,10.4
GDP,2008-04,
GDP,2008-05,
GDP,2008-06,11.2
GDP,2008-07,
GDP,2008-08,
GDP,2008-09,11.1
GDP,2008-10,
GDP,2008-11,
GDP,2008-12,5.8
GDP,2009-01,
GDP,2009-02,
GDP,2009-03,-5.2
GDP,2009-04,
GDP,2009-05,
GDP,2009-06,-6.9
GDP,2009-07,
GDP,2009-08,
GDP,2009-09,-6.2
GDP,2009-10,
GDP,2009-11,
GDP,2009-12,-4
GDP,2010-01,
GDP,2010-02,
GDP,2010-03,-3.1
GDP,2010-04,
GDP,2010-05,
GDP,2010-06,-3
GDP,2010-07,
GDP,2010-08,
GDP,2010-09,-4.8
GDP,2010-10,
GDP,2010-11,
GDP,2010-12,-4.3
GDP,2011-01,
GDP,2011-02,
GDP,2011-03,4.2
GDP,2011-04,
GDP,2011-05,
GDP,2011-06,4
GDP,2011-07,
GDP,2011-08,
GDP,2011-09,6.2
GDP,2011-10,
GDP,2011-11,
GDP,2011-12,3.5
GDP,2012-01,
GDP,2012-02,
GDP,2012-03,2
GDP,2012-04,
GDP,2012-05,
GDP,2012-06,3.6
GDP,2012-07,
GDP,2012-08,
GDP,2012-09,0.5
GDP,2012-10,
GDP,2012-11,
GDP,2012-12,1.9
GDP,2013-01,
GDP,2013-02,
GDP,2013-03,-1.4
GDP,2013-04,
GDP,2013-05,
GDP,2013-06,-2
GDP,2013-07,
GDP,2013-08,
GDP,2013-09,1.3
GDP,2013-10,
GDP,2013-11,
GDP,2013-12,2.2
GDP,2014-01,
GDP,2014-02,
GDP,2014-03,5
GDP,2014-04,
GDP,2014-05,
GDP,2014-06,2.8
GDP,2014-07,
GDP,2014-08,
GDP,2014-09,4.8
GDP,2014-10,
GDP,2014-11,
GDP,2014-12,4
GDP,2015-01,
GDP,2015-02,
GDP,2015-03,3.7
GDP,2015-04,
GDP,2015-05,
GDP,2015-06,2.6
GDP,2015-07,
GDP,2015-08,
GDP,2015-09,3.2
GDP,2015-10,
GDP,2015-11,
GDP,2015-12,3.2
GDP,2016-01,
GDP,2016-02,
GDP,2016-03,2.5
GDP,2016-04,
GDP,2016-05,
GDP,2016-06,4.1
GDP,2016-07,
GDP,2016-08,
GDP,2016-09,2.4
GDP,2016-10,
GDP,2016-11,
GDP,2016-12,2.6
GDP,2017-01,
GDP,2017-02,
GDP,2017-03,6.8
GDP,2017-04,
GDP,2017-05,
GDP,2017-06,7.3
GDP,2017-07,
GDP,2017-08,
GDP,2017-09,9.8
GDP,2017-10,
GDP,2017-11,
GDP,2017-12,8.3
GDP,2018-01,
GDP,2018-02,
GDP,2018-03,5.7
GDP,2018-04,
GDP,2018-05,
GDP,2018-06,7.1
GDP,2018-07,
GDP,2018-08,
GDP,2018-09,5.9
GDP,2018-10,
GDP,2018-11,
GDP,2018-12,5.8
GDP,2019-01,
GDP,2019-02,
GDP,2019-03,4.4
GDP,2019-04,
GDP,2019-05,
GDP,2019-06,3.9
GDP,2019-07,
GDP,2019-08,
GDP,2019-09,3.2
GDP,2019-10,
GDP,2019-11,
GDP,2019-12,4.3
GDP,2020-01,
GDP,2020-02,
GDP,2020-03,2.4
GDP,2020-04,
GDP,2020-05,
GDP,2020-06,-10
GDP,2020-07,
GDP,2020-08,
GDP,2020-09,-5
GDP,2020-10,
GDP,2020-11,
GDP,2020-12,-1.4
GDP,2021-01,
GDP,2021-02,
GDP,2021-03,0
GDP,2021-04,
GDP,2021-05,
GDP,2021-06,14.7
GDP,2021-07,
GDP,2021-08,
GDP,2021-09,6.1
GDP,2021-10,
GDP,2021-11,
GDP,2021-12,2.4
GDP,2022-01,
GDP,2022-02,
GDP,2022-03,5.5
GDP,2022-04,
GDP,2022-05,
GDP,2022-06,4.3
GDP,2022-07,
GDP,2022-08,
GDP,2022-09,3
GDP,2022-10,
GDP,2022-11,
GDP,2022-12,3.6
GDP,2023-01,
GDP,2023-02,
GDP,2023-03,2.7
GDP,2023-04,
GDP,2023-05,
GDP,2023-06,1.2
GDP,2023-07,
GDP,2023-08,
GDP,2023-09,2.3
GDP,2023-10,
GDP,2023-11,
GDP,2023-12,3.3
GDP,2024-01,
GDP,2024-02,
GDP,2024-03,0.5
GDP,2024-04,
GDP,2024-05,
GDP,2024-06,0.9
GDP,2024-07,
GDP,2024-08,
GDP,2024-09,1.2
GDP,2024-10,
GDP,2024-11,
GDP,2024-12,
GDP,2025-01,
GDP,2025-02,
GDP,2025-03,
GDP,2025-04,
GDP,2025-05,
GDP,2025-06,
GDP,2025-07,
GDP,2025-08,
GDP,2025-09,
GDP,2025-10,
GDP,2025-11,
GDP,2025-12,
GDP,2026-01,
GDP,2026-02,
GDP,2026-03,
GDP,2026-04,
GDP,2026-05,
GDP,2026-06,
GDP,2026-07,
GDP,2026-08,
GDP,2026-09,
GDP,2026-10,
GDP,2026-11,
GDP,2026-12,
GDP,2027-01,
GDP,2027-02,
GDP,2027-03,
GDP,2027-04,
GDP,2027-05,
GDP,2027-06,
GDP,2027-07,
GDP,2027-08,
GDP,2027-09,
GDP,2027-10,
GDP,2027-11,
GDP,2027-12,
GDP,2028-01,
GDP,2028-02,
GDP,2028-03,
GDP,2028-04,
GDP,2028-05,
GDP,2028-06,
GDP,2028-07,
GDP,2028-08,
GDP,2028-09,
GDP,2028-10,
GDP,2028-11,
GDP,2028-12,
GDP,2029-01,
GDP,2029-02,
GDP,2029-03,
GDP,2029-04,
GDP,2029-05,
GDP,2029-06,
GDP,2029-07,
GDP,2029-08,
GDP,2029-09,
GDP,2029-10,
GDP,2029-11,
GDP,2029-12,
GDP,2030-01,
GDP,2030-02,
GDP,2030-03,
GDP,2030-04,
GDP,2030-05,
GDP,2030-06,
GDP,2030-07,
GDP,2030-08,
GDP,2030-09,
GDP,2030-10,
GDP,2030-11,
GDP,2030-12,
68% interval - high bound,2005-01,
68% interval - high bound,2005-02,
68% interval - high bound,2005-03,
68% interval - high bound,2005-04,
68% interval - high bound,2005-05,
68% interval - high bound,2005-06,
68% interval - high bound,2005-07,
68% interval - high bound,2005-08,
68% interval - high bound,2005-09,
68% interval - high bound,2005-10,
68% interval - high bound,2005-11,
68% interval - high bound,2005-12,
68% interval - high bound,2006-01,
68% interval - high bound,2006-02,
68% interval - high bound,2006-03,7.9
68% interval - high bound,2006-04,8.2
68% interval - high bound,2006-05,8.6
68% interval - high bound,2006-06,9.5
68% interval - high bound,2006-07,9.6
68% interval - high bound,2006-08,9.2
68% interval - high bound,2006-09,9
68% interval - high bound,2006-10,9.4
68% interval - high bound,2006-11,9.6
68% interval - high bound,2006-12,10
68% interval - high bound,2007-01,9.8
68% interval - high bound,2007-02,10.3
68% interval - high bound,2007-03,10.9
68% interval - high bound,2007-04,11.3
68% interval - high bound,2007-05,11.2
68% interval - high bound,2007-06,10.7
68% interval - high bound,2007-07,10.7
68% interval - high bound,2007-08,10.6
68% interval - high bound,2007-09,10.5
68% interval - high bound,2007-10,10.2
68% interval - high bound,2007-11,10.1
68% interval - high bound,2007-12,9.8
68% interval - high bound,2008-01,10
68% interval - high bound,2008-02,9.6
68% interval - high bound,2008-03,9.1
68% interval - high bound,2008-04,8.7
68% interval - high bound,2008-05,8.7
68% interval - high bound,2008-06,9.2
68% interval - high bound,2008-07,8.9
68% interval - high bound,2008-08,8.7
68% interval - high bound,2008-09,8.3
68% interval - high bound,2008-10,7.8
68% interval - high bound,2008-11,6.2
68% interval - high bound,2008-12,3.3
68% interval - high bound,2009-01,0.5
68% interval - high bound,2009-02,-1.7
68% interval - high bound,2009-03,-2.9
68% interval - high bound,2009-04,-4.2
68% interval - high bound,2009-05,-5
68% interval - high bound,2009-06,-5.7
68% interval - high bound,2009-07,-5.9
68% interval - high bound,2009-08,-6.2
68% interval - high bound,2009-09,-6.4
68% interval - high bound,2009-10,-6.6
68% interval - high bound,2009-11,-5.9
68% interval - high bound,2009-12,-4.4
68% interval - high bound,2010-01,-2.6
68% interval - high bound,2010-02,-1.2
68% interval - high bound,2010-03,0.1
68% interval - high bound,2010-04,1.2
68% interval - high bound,2010-05,1.6
68% interval - high bound,2010-06,1.4
68% interval - high bound,2010-07,0.9
68% interval - high bound,2010-08,0.6
68% interval - high bound,2010-09,0.5
68% interval - high bound,2010-10,0.9
68% interval - high bound,2010-11,1.5
68% interval - high bound,2010-12,1.9
68% interval - high bound,2011-01,2.7
68% interval - high bound,2011-02,3
68% interval - high bound,2011-03,3.3
68% interval - high bound,2011-04,3.4
68% interval - high bound,2011-05,3.8
68% interval - high bound,2011-06,4.2
68% interval - high bound,2011-07,5.1
68% interval - high bound,2011-08,5.7
68% interval - high bound,2011-09,6.3
68% interval - high bound,2011-10,6.4
68% interval - high bound,2011-11,6.3
68% interval - high bound,2011-12,6.2
68% interval - high bound,2012-01,6
68% interval - high bound,2012-02,5.5
68% interval - high bound,2012-03,5.3
68% interval - high bound,2012-04,5.2
68% interval - high bound,2012-05,5.6
68% interval - high bound,2012-06,5.9
68% interval - high bound,2012-07,5.7
68% interval - high bound,2012-08,5.3
68% interval - high bound,2012-09,4.9
68% interval - high bound,2012-10,4.8
68% interval - high bound,2012-11,4.7
68% interval - high bound,2012-12,4.8
68% interval - high bound,2013-01,4.9
68% interval - high bound,2013-02,5.4
68% interval - high bound,2013-03,5.3
68% interval - high bound,2013-04,5.3
68% interval - high bound,2013-05,4.3
68% interval - high bound,2013-06,3.9
68% interval - high bound,2013-07,3.8
68% interval - high bound,2013-08,4.3
68% interval - high bound,2013-09,4.8
68% interval - high bound,2013-10,4.8
68% interval - high bound,2013-11,5
68% interval - high bound,2013-12,4.8
68% interval - high bound,2014-01,4.8
68% interval - high bound,2014-02,5.1
68% interval - high bound,2014-03,5.2
68% interval - high bound,2014-04,5.4
68% interval - high bound,2014-05,5.5
68% interval - high bound,2014-06,5.5
68% interval - high bound,2014-07,5.8
68% interval - high bound,2014-08,5.6
68% interval - high bound,2014-09,5.6
68% interval - high bound,2014-10,5.6
68% interval - high bound,2014-11,5.8
68% interval - high bound,2014-12,6
68% interval - high bound,2015-01,6.2
68% interval - high bound,2015-02,5.9
68% interval - high bound,2015-03,6
68% interval - high bound,2015-04,6
68% interval - high bound,2015-05,6.3
68% interval - high bound,2015-06,6.7
68% interval - high bound,2015-07,6.8
68% interval - high bound,2015-08,6.9
68% interval - high bound,2015-09,6.9
68% interval - high bound,2015-10,7
68% interval - high bound,2015-11,6.9
68% interval - high bound,2015-12,6.9
68% interval - high bound,2016-01,6.8
68% interval - high bound,2016-02,7
68% interval - high bound,2016-03,7.1
68% interval - high bound,2016-04,7.3
68% interval - high bound,2016-05,7.1
68% interval - high bound,2016-06,7
68% interval - high bound,2016-07,6.7
68% interval - high bound,2016-08,7
68% interval - high bound,2016-09,6.9
68% interval - high bound,2016-10,6.9
68% interval - high bound,2016-11,6.9
68% interval - high bound,2016-12,7.1
68% interval - high bound,2017-01,7.6
68% interval - high bound,2017-02,7.7
68% interval - high bound,2017-03,7.8
68% interval - high bound,2017-04,7.8
68% interval - high bound,2017-05,8.2
68% interval - high bound,2017-06,8.3
68% interval - high bound,2017-07,8.4
68% interval - high bound,2017-08,8
68% interval - high bound,2017-09,8.2
68% interval - high bound,2017-10,8
68% interval - high bound,2017-11,7.7
68% interval - high bound,2017-12,7.4
68% interval - high bound,2018-01,6.9
68% interval - high bound,2018-02,6.3
68% interval - high bound,2018-03,5.9
68% interval - high bound,2018-04,5.5
68% interval - high bound,2018-05,5.4
68% interval - high bound,2018-06,5.4
68% interval - high bound,2018-07,5.6
68% interval - high bound,2018-08,5.5
68% interval - high bound,2018-09,5.2
68% interval - high bound,2018-10,5.3
68% interval - high bound,2018-11,5.5
68% interval - high bound,2018-12,5.4
68% interval - high bound,2019-01,5.5
68% interval - high bound,2019-02,5.9
68% interval - high bound,2019-03,6.2
68% interval - high bound,2019-04,6.2
68% interval - high bound,2019-05,5.9
68% interval - high bound,2019-06,5.6
68% interval - high bound,2019-07,5.3
68% interval - high bound,2019-08,5.1
68% interval - high bound,2019-09,5
68% interval - high bound,2019-10,4.9
68% interval - high bound,2019-11,4.9
68% interval - high bound,2019-12,5.1
68% interval - high bound,2020-01,5.1
68% interval - high bound,2020-02,4.9
68% interval - high bound,2020-03,3.4
68% interval - high bound,2020-04,-1.8
68% interval - high bound,2020-05,-5.8
68% interval - high bound,2020-06,-7.1
68% interval - high bound,2020-07,-3.9
68% interval - high bound,2020-08,-1.5
68% interval - high bound,2020-09,-0.1
68% interval - high bound,2020-10,0.6
68% interval - high bound,2020-11,0.7
68% interval - high bound,2020-12,0.5
68% interval - high bound,2021-01,0.4
68% interval - high bound,2021-02,0.7
68% interval - high bound,2021-03,2.2
68% interval - high bound,2021-04,8.1
68% interval - high bound,2021-05,13.1
68% interval - high bound,2021-06,15.3
68% interval - high bound,2021-07,11.7
68% interval - high bound,2021-08,9.3
68% interval - high bound,2021-09,7.9
68% interval - high bound,2021-10,6.9
68% interval - high bound,2021-11,6.5
68% interval - high bound,2021-12,6.9
68% interval - high bound,2022-01,7.2
68% interval - high bound,2022-02,7.2
68% interval - high bound,2022-03,6.8
68% interval - high bound,2022-04,6.5
68% interval - high bound,2022-05,6.1
68% interval - high bound,2022-06,5.8
68% interval - high bound,2022-07,5.7
68% interval - high bound,2022-08,5.6
68% interval - high bound,2022-09,5.6
68% interval - high bound,2022-10,5.6
68% interval - high bound,2022-11,5.7
68% interval - high bound,2022-12,5.3
68% interval - high bound,2023-01,5
68% interval - high bound,2023-02,4.7
68% interval - high bound,2023-03,4.9
68% interval - high bound,2023-04,4.9
68% interval - high bound,2023-05,5
68% interval - high bound,2023-06,5
68% interval - high bound,2023-07,4.9
68% interval - high bound,2023-08,4.8
68% interval - high bound,2023-09,4.7
68% interval - high bound,2023-10,4.9
68% interval - high bound,2023-11,4.9
68% interval - high bound,2023-12,5.1
68% interval - high bound,2024-01,5.1
68% interval - high bound,2024-02,5.2
68% interval - high bound,2024-03,5.2
68% interval - high bound,2024-04,5.4
68% interval - high bound,2024-05,5
68% interval - high bound,2024-06,5
68% interval - high bound,2024-07,4.5
68% interval - high bound,2024-08,4.8
68% interval - high bound,2024-09,4.7
68% interval - high bound,2024-10,4.8
68% interval - high bound,2024-11,5.1
68% interval - high bound,2024-12,6.6
68% interval - high bound,2025-01,6.3
68% interval - high bound,2025-02,5.9
68% interval - high bound,2025-03,5.3
68% interval - high bound,2025-04,5
68% interval - high bound,2025-05,5.4
68% interval - high bound,2025-06,5.5
68% interval - high bound,2025-07,5.9
68% interval - high bound,2025-08,5.8
68% interval - high bound,2025-09,6.1
68% interval - high bound,2025-10,6.1
68% interval - high bound,2025-11,6
68% interval - high bound,2025-12,6.1
68% interval - high bound,2026-01,
68% interval - high bound,2026-02,
68% interval - high bound,2026-03,
68% interval - high bound,2026-04,
68% interval - high bound,2026-05,
68% interval - high bound,2026-06,
68% interval - high bound,2026-07,
68% interval - high bound,2026-08,
68% interval - high bound,2026-09,
68% interval - high bound,2026-10,
68% interval - high bound,2026-11,
68% interval - high bound,2026-12,
68% interval - high bound,2027-01,
68% interval - high bound,2027-02,
68% interval - high bound,2027-03,
68% interval - high bound,2027-04,
68% interval - high bound,2027-05,
68% interval - high bound,2027-06,
68% interval - high bound,2027-07,
68% interval - high bound,2027-08,
68% interval - high bound,2027-09,
68% interval - high bound,2027-10,
68% interval - high bound,2027-11,
68% interval - high bound,2027-12,
68% interval - high bound,2028-01,
68% interval - high bound,2028-02,
68% interval - high bound,2028-03,
68% interval - high bound,2028-04,
68% interval - high bound,2028-05,
68% interval - high bound,2028-06,
68% interval - high bound,2028-07,
68% interval - high bound,2028-08,
68% interval - high bound,2028-09,
68% interval - high bound,2028-10,
68% interval - high bound,2028-11,
68% interval - high bound,2028-12,
68% interval - high bound,2029-01,
68% interval - high bound,2029-02,
68% interval - high bound,2029-03,
68% interval - high bound,2029-04,
68% interval - high bound,2029-05,
68% interval - high bound,2029-06,
68% interval - high bound,2029-07,
68% interval - high bound,2029-08,
68% interval - high bound,2029-09,
68% interval - high bound,2029-10,
68% interval - high bound,2029-11,
68% interval - high bound,2029-12,
68% interval - high bound,2030-01,
68% interval - high bound,2030-02,
68% interval - high bound,2030-03,
68% interval - high bound,2030-04,
68% interval - high bound,2030-05,
68% interval - high bound,2030-06,
68% interval - high bound,2030-07,
68% interval - high bound,2030-08,
68% interval - high bound,2030-09,
68% interval - high bound,2030-10,
68% interval - high bound,2030-11,
68% interval - high bound,2030-12,
68% interval - low bound,2005-01,
68% interval - low bound,2005-02,
68% interval - low bound,2005-03,
68% interval - low bound,2005-04,
68% interval - low bound,2005-05,
68% interval - low bound,2005-06,
68% interval - low bound,2005-07,
68% interval - low bound,2005-08,
68% interval - low bound,2005-09,
68% interval - low bound,2005-10,
68% interval - low bound,2005-11,
68% interval - low bound,2005-12,
68% interval - low bound,2006-01,
68% interval - low bound,2006-02,
68% interval - low bound,2006-03,3.6
68% interval - low bound,2006-04,3.9
68% interval - low bound,2006-05,4.3
68% interval - low bound,2006-06,5.2
68% interval - low bound,2006-07,5.3
68% interval - low bound,2006-08,4.9
68% interval - low bound,2006-09,4.6
68% interval - low bound,2006-10,5.1
68% interval - low bound,2006-11,5.3
68% interval - low bound,2006-12,5.6
68% interval - low bound,2007-01,5.5
68% interval - low bound,2007-02,6
68% interval - low bound,2007-03,6.5
68% interval - low bound,2007-04,7
68% interval - low bound,2007-05,6.9
68% interval - low bound,2007-06,6.4
68% interval - low bound,2007-07,6.4
68% interval - low bound,2007-08,6.3
68% interval - low bound,2007-09,6.1
68% interval - low bound,2007-10,5.9
68% interval - low bound,2007-11,5.8
68% interval - low bound,2007-12,5.5
68% interval - low bound,2008-01,5.7
68% interval - low bound,2008-02,5.3
68% interval - low bound,2008-03,4.7
68% interval - low bound,2008-04,4.4
68% interval - low bound,2008-05,4.3
68% interval - low bound,2008-06,4.9
68% interval - low bound,2008-07,4.5
68% interval - low bound,2008-08,4.4
68% interval - low bound,2008-09,4
68% interval - low bound,2008-10,3.5
68% interval - low bound,2008-11,1.8
68% interval - low bound,2008-12,-1
68% interval - low bound,2009-01,-3.8
68% interval - low bound,2009-02,-6
68% interval - low bound,2009-03,-7.3
68% interval - low bound,2009-04,-8.5
68% interval - low bound,2009-05,-9.3
68% interval - low bound,2009-06,-10
68% interval - low bound,2009-07,-10.3
68% interval - low bound,2009-08,-10.6
68% interval - low bound,2009-09,-10.7
68% interval - low bound,2009-10,-10.9
68% interval - low bound,2009-11,-10.2
68% interval - low bound,2009-12,-8.7
68% interval - low bound,2010-01,-7
68% interval - low bound,2010-02,-5.3
68% interval - low bound,2010-03,-3.9
68% interval - low bound,2010-04,-2.8
68% interval - low bound,2010-05,-2.5
68% interval - low bound,2010-06,-2.7
68% interval - low bound,2010-07,-3.1
68% interval - low bound,2010-08,-3.4
68% interval - low bound,2010-09,-3.5
68% interval - low bound,2010-10,-3.2
68% interval - low bound,2010-11,-2.5
68% interval - low bound,2010-12,-2.1
68% interval - low bound,2011-01,-1.4
68% interval - low bound,2011-02,-1
68% interval - low bound,2011-03,-0.7
68% interval - low bound,2011-04,-0.7
68% interval - low bound,2011-05,-0.2
68% interval - low bound,2011-06,0.1
68% interval - low bound,2011-07,1
68% interval - low bound,2011-08,1.7
68% interval - low bound,2011-09,2.3
68% interval - low bound,2011-10,2.4
68% interval - low bound,2011-11,2.3
68% interval - low bound,2011-12,2.2
68% interval - low bound,2012-01,1.9
68% interval - low bound,2012-02,1.4
68% interval - low bound,2012-03,1.2
68% interval - low bound,2012-04,1.1
68% interval - low bound,2012-05,1.6
68% interval - low bound,2012-06,1.9
68% interval - low bound,2012-07,1.6
68% interval - low bound,2012-08,1.3
68% interval - low bound,2012-09,0.8
68% interval - low bound,2012-10,0.7
68% interval - low bound,2012-11,0.6
68% interval - low bound,2012-12,0.8
68% interval - low bound,2013-01,0.9
68% interval - low bound,2013-02,1.4
68% interval - low bound,2013-03,1.3
68% interval - low bound,2013-04,1.2
68% interval - low bound,2013-05,0.2
68% interval - low bound,2013-06,-0.2
68% interval - low bound,2013-07,-0.3
68% interval - low bound,2013-08,0.2
68% interval - low bound,2013-09,0.7
68% interval - low bound,2013-10,0.8
68% interval - low bound,2013-11,0.9
68% interval - low bound,2013-12,0.7
68% interval - low bound,2014-01,0.8
68% interval - low bound,2014-02,1
68% interval - low bound,2014-03,1.2
68% interval - low bound,2014-04,1.3
68% interval - low bound,2014-05,1.5
68% interval - low bound,2014-06,1.5
68% interval - low bound,2014-07,1.7
68% interval - low bound,2014-08,1.6
68% interval - low bound,2014-09,1.5
68% interval - low bound,2014-10,1.6
68% interval - low bound,2014-11,1.7
68% interval - low bound,2014-12,1.9
68% interval - low bound,2015-01,2.1
68% interval - low bound,2015-02,2.1
68% interval - low bound,2015-03,2.3
68% interval - low bound,2015-04,2.3
68% interval - low bound,2015-05,2.6
68% interval - low bound,2015-06,2.9
68% interval - low bound,2015-07,3.1
68% interval - low bound,2015-08,3.2
68% interval - low bound,2015-09,3.1
68% interval - low bound,2015-10,3.3
68% interval - low bound,2015-11,3.1
68% interval - low bound,2015-12,3.2
68% interval - low bound,2016-01,3.1
68% interval - low bound,2016-02,3.3
68% interval - low bound,2016-03,3.3
68% interval - low bound,2016-04,3.5
68% interval - low bound,2016-05,3.4
68% interval - low bound,2016-06,3.3
68% interval - low bound,2016-07,2.9
68% interval - low bound,2016-08,3.2
68% interval - low bound,2016-09,3.2
68% interval - low bound,2016-10,3.1
68% interval - low bound,2016-11,3.2
68% interval - low bound,2016-12,3.4
68% interval - low bound,2017-01,3.8
68% interval - low bound,2017-02,3.9
68% interval - low bound,2017-03,4
68% interval - low bound,2017-04,4
68% interval - low bound,2017-05,4.5
68% interval - low bound,2017-06,4.5
68% interval - low bound,2017-07,4.6
68% interval - low bound,2017-08,4.3
68% interval - low bound,2017-09,4.5
68% interval - low bound,2017-10,4.3
68% interval - low bound,2017-11,4
68% interval - low bound,2017-12,3.6
68% interval - low bound,2018-01,3.1
68% interval - low bound,2018-02,2.6
68% interval - low bound,2018-03,2.2
68% interval - low bound,2018-04,1.7
68% interval - low bound,2018-05,1.6
68% interval - low bound,2018-06,1.7
68% interval - low bound,2018-07,1.8
68% interval - low bound,2018-08,1.7
68% interval - low bound,2018-09,1.4
68% interval - low bound,2018-10,1.5
68% interval - low bound,2018-11,1.7
68% interval - low bound,2018-12,1.6
68% interval - low bound,2019-01,1.8
68% interval - low bound,2019-02,2.2
68% interval - low bound,2019-03,2.5
68% interval - low bound,2019-04,2.5
68% interval - low bound,2019-05,2.2
68% interval - low bound,2019-06,1.8
68% interval - low bound,2019-07,1.5
68% interval - low bound,2019-08,1.3
68% interval - low bound,2019-09,1.2
68% interval - low bound,2019-10,1.1
68% interval - low bound,2019-11,1.2
68% interval - low bound,2019-12,1.3
68% interval - low bound,2020-01,1.4
68% interval - low bound,2020-02,1.1
68% interval - low bound,2020-03,-0.3
68% interval - low bound,2020-04,-5.5
68% interval - low bound,2020-05,-9.5
68% interval - low bound,2020-06,-10.9
68% interval - low bound,2020-07,-7.7
68% interval - low bound,2020-08,-5.2
68% interval - low bound,2020-09,-3.9
68% interval - low bound,2020-10,-3.1
68% interval - low bound,2020-11,-3.1
68% interval - low bound,2020-12,-3.3
68% interval - low bound,2021-01,-3.4
68% interval - low bound,2021-02,-3.1
68% interval - low bound,2021-03,-1.6
68% interval - low bound,2021-04,4.3
68% interval - low bound,2021-05,9.3
68% interval - low bound,2021-06,11.5
68% interval - low bound,2021-07,8
68% interval - low bound,2021-08,5.6
68% interval - low bound,2021-09,4.2
68% interval - low bound,2021-10,3.2
68% interval - low bound,2021-11,2.8
68% interval - low bound,2021-12,3.1
68% interval - low bound,2022-01,3.4
68% interval - low bound,2022-02,3.5
68% interval - low bound,2022-03,3.1
68% interval - low bound,2022-04,2.7
68% interval - low bound,2022-05,2.3
68% interval - low bound,2022-06,2
68% interval - low bound,2022-07,2
68% interval - low bound,2022-08,1.8
68% interval - low bound,2022-09,1.9
68% interval - low bound,2022-10,1.8
68% interval - low bound,2022-11,1.9
68% interval - low bound,2022-12,1.6
68% interval - low bound,2023-01,1.3
68% interval - low bound,2023-02,1
68% interval - low bound,2023-03,1.2
68% interval - low bound,2023-04,1.2
68% interval - low bound,2023-05,1.3
68% interval - low bound,2023-06,1.2
68% interval - low bound,2023-07,1.2
68% interval - low bound,2023-08,1
68% interval - low bound,2023-09,0.9
68% interval - low bound,2023-10,1.1
68% interval - low bound,2023-11,1.1
68% interval - low bound,2023-12,1.3
68% interval - low bound,2024-01,1.3
68% interval - low bound,2024-02,1.4
68% interval - low bound,2024-03,1.5
68% interval - low bound,2024-04,1.7
68% interval - low bound,2024-05,1.2
68% interval - low bound,2024-06,1.2
68% interval - low bound,2024-07,0.8
68% interval - low bound,2024-08,1.1
68% interval - low bound,2024-09,0.9
68% interval - low bound,2024-10,1.1
68% interval - low bound,2024-11,1.3
68% interval - low bound,2024-12,-0.6
68% interval - low bound,2025-01,-1.5
68% interval - low bound,2025-02,-2.8
68% interval - low bound,2025-03,-3.4
68% interval - low bound,2025-04,-3.6
68% interval - low bound,2025-05,-3.3
68% interval - low bound,2025-06,-3.2
68% interval - low bound,2025-07,-2.8
68% interval - low bound,2025-08,-2.8
68% interval - low bound,2025-09,-2.5
68% interval - low bound,2025-10,-2.6
68% interval - low bound,2025-11,-2.7
68% interval - low bound,2025-12,-2.5
68% interval - low bound,2026-01,
68% interval - low bound,2026-02,
68% interval - low bound,2026-03,
68% interval - low bound,2026-04,
68% interval - low bound,2026-05,
68% interval - low bound,2026-06,
68% interval - low bound,2026-07,
68% interval - low bound,2026-08,
68% interval - low bound,2026-09,
68% interval - low bound,2026-10,
68% interval - low bound,2026-11,
68% interval - low bound,2026-12,
68% interval - low bound,2027-01,
68% interval - low bound,2027-02,
68% interval - low bound,2027-03,
68% interval - low bound,2027-04,
68% interval - low bound,2027-05,
68% interval - low bound,2027-06,
68% interval - low bound,2027-07,
68% interval - low bound,2027-08,
68% interval - low bound,2027-09,
68% interval - low bound,2027-10,
68% interval - low bound,2027-11,
68% interval - low bound,2027-12,
68% interval - low bound,2028-01,
68% interval - low bound,2028-02,
68% interval - low bound,2028-03,
68% interval - low bound,2028-04,
68% interval - low bound,2028-05,
68% interval - low bound,2028-06,
68% interval - low bound,2028-07,
68% interval - low bound,2028-08,
68% interval - low bound,2028-09,
68% interval - low bound,2028-10,
68% interval - low bound,2028-11,
68% interval - low bound,2028-12,
68% interval - low bound,2029-01,
68% interval - low bound,2029-02,
68% interval - low bound,2029-03,
68% interval - low bound,2029-04,
68% interval - low bound,2029-05,
68% interval - low bound,2029-06,
68% interval - low bound,2029-07,
68% interval - low bound,2029-08,
68% interval - low bound,2029-09,
68% interval - low bound,2029-10,
68% interval - low bound,2029-11,
68% interval - low bound,2029-12,
68% interval - low bound,2030-01,
68% interval - low bound,2030-02,
68% interval - low bound,2030-03,
68% interval - low bound,2030-04,
68% interval - low bound,2030-05,
68% interval - low bound,2030-06,
68% interval - low bound,2030-07,
68% interval - low bound,2030-08,
68% interval - low bound,2030-09,
68% interval - low bound,2030-10,
68% interval - low bound,2030-11,
68% interval - low bound,2030-12,
95% interval - high bound,2005-01,
95% interval - high bound,2005-02,
95% interval - high bound,2005-03,
95% interval - high bound,2005-04,
95% interval - high bound,2005-05,
95% interval - high bound,2005-06,
95% interval - high bound,2005-07,
95% interval - high bound,2005-08,
95% interval - high bound,2005-09,
95% interval - high bound,2005-10,
95% interval - high bound,2005-11,
95% interval - high bound,2005-12,
95% interval - high bound,2006-01,
95% interval - high bound,2006-02,
95% interval - high bound,2006-03,10.1
95% interval - high bound,2006-04,10.4
95% interval - high bound,2006-05,10.8
95% interval - high bound,2006-06,11.7
95% interval - high bound,2006-07,11.8
95% interval - high bound,2006-08,11.4
95% interval - high bound,2006-09,11.1
95% interval - high bound,2006-10,11.6
95% interval - high bound,2006-11,11.8
95% interval - high bound,2006-12,12.1
95% interval - high bound,2007-01,12
95% interval - high bound,2007-02,12.5
95% interval - high bound,2007-03,13
95% interval - high bound,2007-04,13.5
95% interval - high bound,2007-05,13.4
95% interval - high bound,2007-06,12.9
95% interval - high bound,2007-07,12.9
95% interval - high bound,2007-08,12.8
95% interval - high bound,2007-09,12.6
95% interval - high bound,2007-10,12.4
95% interval - high bound,2007-11,12.3
95% interval - high bound,2007-12,12
95% interval - high bound,2008-01,12.2
95% interval - high bound,2008-02,11.8
95% interval - high bound,2008-03,11.2
95% interval - high bound,2008-04,10.9
95% interval - high bound,2008-05,10.8
95% interval - high bound,2008-06,11.4
95% interval - high bound,2008-07,11
95% interval - high bound,2008-08,10.9
95% interval - high bound,2008-09,10.5
95% interval - high bound,2008-10,10
95% interval - high bound,2008-11,8.3
95% interval - high bound,2008-12,5.5
95% interval - high bound,2009-01,2.7
95% interval - high bound,2009-02,0.5
95% interval - high bound,2009-03,-0.8
95% interval - high bound,2009-04,-2
95% interval - high bound,2009-05,-2.8
95% interval - high bound,2009-06,-3.5
95% interval - high bound,2009-07,-3.8
95% interval - high bound,2009-08,-4.1
95% interval - high bound,2009-09,-4.2
95% interval - high bound,2009-10,-4.4
95% interval - high bound,2009-11,-3.7
95% interval - high bound,2009-12,-2.2
95% interval - high bound,2010-01,-0.5
95% interval - high bound,2010-02,0.8
95% interval - high bound,2010-03,2.1
95% interval - high bound,2010-04,3.2
95% interval - high bound,2010-05,3.6
95% interval - high bound,2010-06,3.4
95% interval - high bound,2010-07,2.9
95% interval - high bound,2010-08,2.6
95% interval - high bound,2010-09,2.5
95% interval - high bound,2010-10,2.9
95% interval - high bound,2010-11,3.5
95% interval - high bound,2010-12,3.9
95% interval - high bound,2011-01,4.7
95% interval - high bound,2011-02,5
95% interval - high bound,2011-03,5.3
95% interval - high bound,2011-04,5.4
95% interval - high bound,2011-05,5.8
95% interval - high bound,2011-06,6.2
95% interval - high bound,2011-07,7.1
95% interval - high bound,2011-08,7.7
95% interval - high bound,2011-09,8.3
95% interval - high bound,2011-10,8.4
95% interval - high bound,2011-11,8.3
95% interval - high bound,2011-12,8.3
95% interval - high bound,2012-01,8
95% interval - high bound,2012-02,7.5
95% interval - high bound,2012-03,7.3
95% interval - high bound,2012-04,7.2
95% interval - high bound,2012-05,7.6
95% interval - high bound,2012-06,7.9
95% interval - high bound,2012-07,7.7
95% interval - high bound,2012-08,7.4
95% interval - high bound,2012-09,6.9
95% interval - high bound,2012-10,6.8
95% interval - high bound,2012-11,6.7
95% interval - high bound,2012-12,6.9
95% interval - high bound,2013-01,7
95% interval - high bound,2013-02,7.4
95% interval - high bound,2013-03,7.4
95% interval - high bound,2013-04,7.3
95% interval - high bound,2013-05,6.3
95% interval - high bound,2013-06,5.9
95% interval - high bound,2013-07,5.8
95% interval - high bound,2013-08,6.3
95% interval - high bound,2013-09,6.8
95% interval - high bound,2013-10,6.9
95% interval - high bound,2013-11,7
95% interval - high bound,2013-12,6.8
95% interval - high bound,2014-01,6.9
95% interval - high bound,2014-02,7.1
95% interval - high bound,2014-03,7.3
95% interval - high bound,2014-04,7.4
95% interval - high bound,2014-05,7.6
95% interval - high bound,2014-06,7.6
95% interval - high bound,2014-07,7.8
95% interval - high bound,2014-08,7.6
95% interval - high bound,2014-09,7.6
95% interval - high bound,2014-10,7.6
95% interval - high bound,2014-11,7.8
95% interval - high bound,2014-12,8
95% interval - high bound,2015-01,8.2
95% interval - high bound,2015-02,7.8
95% interval - high bound,2015-03,7.9
95% interval - high bound,2015-04,7.9
95% interval - high bound,2015-05,8.2
95% interval - high bound,2015-06,8.5
95% interval - high bound,2015-07,8.7
95% interval - high bound,2015-08,8.8
95% interval - high bound,2015-09,8.7
95% interval - high bound,2015-10,8.9
95% interval - high bound,2015-11,8.8
95% interval - high bound,2015-12,8.8
95% interval - high bound,2016-01,8.7
95% interval - high bound,2016-02,8.9
95% interval - high bound,2016-03,8.9
95% interval - high bound,2016-04,9.2
95% interval - high bound,2016-05,9
95% interval - high bound,2016-06,8.9
95% interval - high bound,2016-07,8.6
95% interval - high bound,2016-08,8.9
95% interval - high bound,2016-09,8.8
95% interval - high bound,2016-10,8.8
95% interval - high bound,2016-11,8.8
95% interval - high bound,2016-12,9
95% interval - high bound,2017-01,9.4
95% interval - high bound,2017-02,9.5
95% interval - high bound,2017-03,9.7
95% interval - high bound,2017-04,9.7
95% interval - high bound,2017-05,10.1
95% interval - high bound,2017-06,10.1
95% interval - high bound,2017-07,10.3
95% interval - high bound,2017-08,9.9
95% interval - high bound,2017-09,10.1
95% interval - high bound,2017-10,9.9
95% interval - high bound,2017-11,9.6
95% interval - high bound,2017-12,9.3
95% interval - high bound,2018-01,8.7
95% interval - high bound,2018-02,8.2
95% interval - high bound,2018-03,7.8
95% interval - high bound,2018-04,7.4
95% interval - high bound,2018-05,7.3
95% interval - high bound,2018-06,7.3
95% interval - high bound,2018-07,7.5
95% interval - high bound,2018-08,7.4
95% interval - high bound,2018-09,7.1
95% interval - high bound,2018-10,7.1
95% interval - high bound,2018-11,7.3
95% interval - high bound,2018-12,7.3
95% interval - high bound,2019-01,7.4
95% interval - high bound,2019-02,7.8
95% interval - high bound,2019-03,8.1
95% interval - high bound,2019-04,8.1
95% interval - high bound,2019-05,7.8
95% interval - high bound,2019-06,7.5
95% interval - high bound,2019-07,7.2
95% interval - high bound,2019-08,6.9
95% interval - high bound,2019-09,6.8
95% interval - high bound,2019-10,6.8
95% interval - high bound,2019-11,6.8
95% interval - high bound,2019-12,7
95% interval - high bound,2020-01,7
95% interval - high bound,2020-02,6.8
95% interval - high bound,2020-03,5.3
95% interval - high bound,2020-04,0.1
95% interval - high bound,2020-05,-3.9
95% interval - high bound,2020-06,-5.2
95% interval - high bound,2020-07,-2.1
95% interval - high bound,2020-08,0.4
95% interval - high bound,2020-09,1.8
95% interval - high bound,2020-10,2.5
95% interval - high bound,2020-11,2.6
95% interval - high bound,2020-12,2.4
95% interval - high bound,2021-01,2.3
95% interval - high bound,2021-02,2.6
95% interval - high bound,2021-03,4
95% interval - high bound,2021-04,9.9
95% interval - high bound,2021-05,15
95% interval - high bound,2021-06,17.2
95% interval - high bound,2021-07,13.6
95% interval - high bound,2021-08,11.2
95% interval - high bound,2021-09,9.8
95% interval - high bound,2021-10,8.8
95% interval - high bound,2021-11,8.4
95% interval - high bound,2021-12,8.8
95% interval - high bound,2022-01,9.1
95% interval - high bound,2022-02,9.1
95% interval - high bound,2022-03,8.7
95% interval - high bound,2022-04,8.3
95% interval - high bound,2022-05,8
95% interval - high bound,2022-06,7.6
95% interval - high bound,2022-07,7.6
95% interval - high bound,2022-08,7.5
95% interval - high bound,2022-09,7.5
95% interval - high bound,2022-10,7.5
95% interval - high bound,2022-11,7.5
95% interval - high bound,2022-12,7.2
95% interval - high bound,2023-01,6.9
95% interval - high bound,2023-02,6.6
95% interval - high bound,2023-03,6.8
95% interval - high bound,2023-04,6.8
95% interval - high bound,2023-05,6.9
95% interval - high bound,2023-06,6.9
95% interval - high bound,2023-07,6.8
95% interval - high bound,2023-08,6.6
95% interval - high bound,2023-09,6.6
95% interval - high bound,2023-10,6.7
95% interval - high bound,2023-11,6.8
95% interval - high bound,2023-12,7
95% interval - high bound,2024-01,6.9
95% interval - high bound,2024-02,7.1
95% interval - high bound,2024-03,7.1
95% interval - high bound,2024-04,7.3
95% interval - high bound,2024-05,6.9
95% interval - high bound,2024-06,6.8
95% interval - high bound,2024-07,6.4
95% interval - high bound,2024-08,6.7
95% interval - high bound,2024-09,6.5
95% interval - high bound,2024-10,6.7
95% interval - high bound,2024-11,6.9
95% interval - high bound,2024-12,10.2
95% interval - high bound,2025-01,10.1
95% interval - high bound,2025-02,10.2
95% interval - high bound,2025-03,9.6
95% interval - high bound,2025-04,9.4
95% interval - high bound,2025-05,9.7
95% interval - high bound,2025-06,9.8
95% interval - high bound,2025-07,10.2
95% interval - high bound,2025-08,10.2
95% interval - high bound,2025-09,10.4
95% interval - high bound,2025-10,10.4
95% interval - high bound,2025-11,10.3
95% interval - high bound,2025-12,10.5
95% interval - high bound,2026-01,
95% interval - high bound,2026-02,
95% interval - high bound,2026-03,
95% interval - high bound,2026-04,
95% interval - high bound,2026-05,
95% interval - high bound,2026-06,
95% interval - high bound,2026-07,
95% interval - high bound,2026-08,
95% interval - high bound,2026-09,
95% interval - high bound,2026-10,
95% interval - high bound,2026-11,
95% interval - high bound,2026-12,
95% interval - high bound,2027-01,
95% interval - high bound,2027-02,
95% interval - high bound,2027-03,
95% interval - high bound,2027-04,
95% interval - high bound,2027-05,
95% interval - high bound,2027-06,
95% interval - high bound,2027-07,
95% interval - high bound,2027-08,
95% interval - high bound,2027-09,
95% interval - high bound,2027-10,
95% interval - high bound,2027-11,
95% interval - high bound,2027-12,
95% interval - high bound,2028-01,
95% interval - high bound,2028-02,
95% interval - high bound,2028-03,
95% interval - high bound,2028-04,
95% interval - high bound,2028-05,
95% interval - high bound,2028-06,
95% interval - high bound,2028-07,
95% interval - high bound,2028-08,
95% interval - high bound,2028-09,
95% interval - high bound,2028-10,
95% interval - high bound,2028-11,
95% interval - high bound,2028-12,
95% interval - high bound,2029-01,
95% interval - high bound,2029-02,
95% interval - high bound,2029-03,
95% interval - high bound,2029-04,
95% interval - high bound,2029-05,
95% interval - high bound,2029-06,
95% interval - high bound,2029-07,
95% interval - high bound,2029-08,
95% interval - high bound,2029-09,
95% interval - high bound,2029-10,
95% interval - high bound,2029-11,
95% interval - high bound,2029-12,
95% interval - high bound,2030-01,
95% interval - high bound,2030-02,
95% interval - high bound,2030-03,
95% interval - high bound,2030-04,
95% interval - high bound,2030-05,
95% interval - high bound,2030-06,
95% interval - high bound,2030-07,
95% interval - high bound,2030-08,
95% interval - high bound,2030-09,
95% interval - high bound,2030-10,
95% interval - high bound,2030-11,
95% interval - high bound,2030-12,
95% interval - low bound,2005-01,
95% interval - low bound,2005-02,
95% interval - low bound,2005-03,
95% interval - low bound,2005-04,
95% interval - low bound,2005-05,
95% interval - low bound,2005-06,
95% interval - low bound,2005-07,
95% interval - low bound,2005-08,
95% interval - low bound,2005-09,
95% interval - low bound,2005-10,
95% interval - low bound,2005-11,
95% interval - low bound,2005-12,
95% interval - low bound,2006-01,
95% interval - low bound,2006-02,
95% interval - low bound,2006-03,1.4
95% interval - low bound,2006-04,1.7
95% interval - low bound,2006-05,2.1
95% interval - low bound,2006-06,3
95% interval - low bound,2006-07,3.1
95% interval - low bound,2006-08,2.7
95% interval - low bound,2006-09,2.5
95% interval - low bound,2006-10,2.9
95% interval - low bound,2006-11,3.1
95% interval - low bound,2006-12,3.5
95% interval - low bound,2007-01,3.3
95% interval - low bound,2007-02,3.8
95% interval - low bound,2007-03,4.4
95% interval - low bound,2007-04,4.8
95% interval - low bound,2007-05,4.7
95% interval - low bound,2007-06,4.2
95% interval - low bound,2007-07,4.2
95% interval - low bound,2007-08,4.1
95% interval - low bound,2007-09,4
95% interval - low bound,2007-10,3.7
95% interval - low bound,2007-11,3.6
95% interval - low bound,2007-12,3.3
95% interval - low bound,2008-01,3.5
95% interval - low bound,2008-02,3.1
95% interval - low bound,2008-03,2.6
95% interval - low bound,2008-04,2.2
95% interval - low bound,2008-05,2.2
95% interval - low bound,2008-06,2.7
95% interval - low bound,2008-07,2.4
95% interval - low bound,2008-08,2.2
95% interval - low bound,2008-09,1.8
95% interval - low bound,2008-10,1.3
95% interval - low bound,2008-11,-0.3
95% interval - low bound,2008-12,-3.2
95% interval - low bound,2009-01,-6
95% interval - low bound,2009-02,-8.2
95% interval - low bound,2009-03,-9.4
95% interval - low bound,2009-04,-10.7
95% interval - low bound,2009-05,-11.5
95% interval - low bound,2009-06,-12.2
95% interval - low bound,2009-07,-12.4
95% interval - low bound,2009-08,-12.7
95% interval - low bound,2009-09,-12.9
95% interval - low bound,2009-10,-13.1
95% interval - low bound,2009-11,-12.4
95% interval - low bound,2009-12,-10.9
95% interval - low bound,2010-01,-9.1
95% interval - low bound,2010-02,-7.3
95% interval - low bound,2010-03,-6
95% interval - low bound,2010-04,-4.9
95% interval - low bound,2010-05,-4.5
95% interval - low bound,2010-06,-4.7
95% interval - low bound,2010-07,-5.2
95% interval - low bound,2010-08,-5.5
95% interval - low bound,2010-09,-5.6
95% interval - low bound,2010-10,-5.2
95% interval - low bound,2010-11,-4.5
95% interval - low bound,2010-12,-4.2
95% interval - low bound,2011-01,-3.4
95% interval - low bound,2011-02,-3.1
95% interval - low bound,2011-03,-2.8
95% interval - low bound,2011-04,-2.7
95% interval - low bound,2011-05,-2.3
95% interval - low bound,2011-06,-1.9
95% interval - low bound,2011-07,-1
95% interval - low bound,2011-08,-0.4
95% interval - low bound,2011-09,0.2
95% interval - low bound,2011-10,0.3
95% interval - low bound,2011-11,0.3
95% interval - low bound,2011-12,0.2
95% interval - low bound,2012-01,-0.1
95% interval - low bound,2012-02,-0.6
95% interval - low bound,2012-03,-0.8
95% interval - low bound,2012-04,-0.9
95% interval - low bound,2012-05,-0.5
95% interval - low bound,2012-06,-0.2
95% interval - low bound,2012-07,-0.4
95% interval - low bound,2012-08,-0.7
95% interval - low bound,2012-09,-1.2
95% interval - low bound,2012-10,-1.3
95% interval - low bound,2012-11,-1.4
95% interval - low bound,2012-12,-1.2
95% interval - low bound,2013-01,-1.1
95% interval - low bound,2013-02,-0.7
95% interval - low bound,2013-03,-0.7
95% interval - low bound,2013-04,-0.8
95% interval - low bound,2013-05,-1.8
95% interval - low bound,2013-06,-2.2
95% interval - low bound,2013-07,-2.3
95% interval - low bound,2013-08,-1.8
95% interval - low bound,2013-09,-1.3
95% interval - low bound,2013-10,-1.2
95% interval - low bound,2013-11,-1.1
95% interval - low bound,2013-12,-1.3
95% interval - low bound,2014-01,-1.2
95% interval - low bound,2014-02,-1
95% interval - low bound,2014-03,-0.8
95% interval - low bound,2014-04,-0.7
95% interval - low bound,2014-05,-0.5
95% interval - low bound,2014-06,-0.5
95% interval - low bound,2014-07,-0.3
95% interval - low bound,2014-08,-0.5
95% interval - low bound,2014-09,-0.5
95% interval - low bound,2014-10,-0.5
95% interval - low bound,2014-11,-0.3
95% interval - low bound,2014-12,-0.1
95% interval - low bound,2015-01,0.1
95% interval - low bound,2015-02,0.3
95% interval - low bound,2015-03,0.4
95% interval - low bound,2015-04,0.4
95% interval - low bound,2015-05,0.7
95% interval - low bound,2015-06,1
95% interval - low bound,2015-07,1.2
95% interval - low bound,2015-08,1.3
95% interval - low bound,2015-09,1.2
95% interval - low bound,2015-10,1.4
95% interval - low bound,2015-11,1.2
95% interval - low bound,2015-12,1.3
95% interval - low bound,2016-01,1.2
95% interval - low bound,2016-02,1.4
95% interval - low bound,2016-03,1.4
95% interval - low bound,2016-04,1.7
95% interval - low bound,2016-05,1.5
95% interval - low bound,2016-06,1.4
95% interval - low bound,2016-07,1.1
95% interval - low bound,2016-08,1.3
95% interval - low bound,2016-09,1.3
95% interval - low bound,2016-10,1.3
95% interval - low bound,2016-11,1.3
95% interval - low bound,2016-12,1.5
95% interval - low bound,2017-01,1.9
95% interval - low bound,2017-02,2
95% interval - low bound,2017-03,2.1
95% interval - low bound,2017-04,2.2
95% interval - low bound,2017-05,2.6
95% interval - low bound,2017-06,2.6
95% interval - low bound,2017-07,2.7
95% interval - low bound,2017-08,2.4
95% interval - low bound,2017-09,2.6
95% interval - low bound,2017-10,2.4
95% interval - low bound,2017-11,2.1
95% interval - low bound,2017-12,1.7
95% interval - low bound,2018-01,1.2
95% interval - low bound,2018-02,0.7
95% interval - low bound,2018-03,0.3
95% interval - low bound,2018-04,-0.1
95% interval - low bound,2018-05,-0.2
95% interval - low bound,2018-06,-0.2
95% interval - low bound,2018-07,0
95% interval - low bound,2018-08,-0.2
95% interval - low bound,2018-09,-0.4
95% interval - low bound,2018-10,-0.4
95% interval - low bound,2018-11,-0.2
95% interval - low bound,2018-12,-0.2
95% interval - low bound,2019-01,-0.1
95% interval - low bound,2019-02,0.3
95% interval - low bound,2019-03,0.6
95% interval - low bound,2019-04,0.6
95% interval - low bound,2019-05,0.3
95% interval - low bound,2019-06,0
95% interval - low bound,2019-07,-0.3
95% interval - low bound,2019-08,-0.6
95% interval - low bound,2019-09,-0.7
95% interval - low bound,2019-10,-0.7
95% interval - low bound,2019-11,-0.7
95% interval - low bound,2019-12,-0.5
95% interval - low bound,2020-01,-0.5
95% interval - low bound,2020-02,-0.7
95% interval - low bound,2020-03,-2.2
95% interval - low bound,2020-04,-7.4
95% interval - low bound,2020-05,-11.4
95% interval - low bound,2020-06,-12.7
95% interval - low bound,2020-07,-9.6
95% interval - low bound,2020-08,-7.1
95% interval - low bound,2020-09,-5.8
95% interval - low bound,2020-10,-5
95% interval - low bound,2020-11,-4.9
95% interval - low bound,2020-12,-5.2
95% interval - low bound,2021-01,-5.2
95% interval - low bound,2021-02,-5
95% interval - low bound,2021-03,-3.5
95% interval - low bound,2021-04,2.4
95% interval - low bound,2021-05,7.4
95% interval - low bound,2021-06,9.7
95% interval - low bound,2021-07,6.1
95% interval - low bound,2021-08,3.7
95% interval - low bound,2021-09,2.3
95% interval - low bound,2021-10,1.3
95% interval - low bound,2021-11,0.9
95% interval - low bound,2021-12,1.2
95% interval - low bound,2022-01,1.6
95% interval - low bound,2022-02,1.6
95% interval - low bound,2022-03,1.2
95% interval - low bound,2022-04,0.8
95% interval - low bound,2022-05,0.5
95% interval - low bound,2022-06,0.1
95% interval - low bound,2022-07,0.1
95% interval - low bound,2022-08,-0.1
95% interval - low bound,2022-09,0
95% interval - low bound,2022-10,0
95% interval - low bound,2022-11,0
95% interval - low bound,2022-12,-0.3
95% interval - low bound,2023-01,-0.6
95% interval - low bound,2023-02,-0.9
95% interval - low bound,2023-03,-0.7
95% interval - low bound,2023-04,-0.7
95% interval - low bound,2023-05,-0.6
95% interval - low bound,2023-06,-0.7
95% interval - low bound,2023-07,-0.7
95% interval - low bound,2023-08,-0.9
95% interval - low bound,2023-09,-0.9
95% interval - low bound,2023-10,-0.8
95% interval - low bound,2023-11,-0.7
95% interval - low bound,2023-12,-0.6
95% interval - low bound,2024-01,-0.6
95% interval - low bound,2024-02,-0.5
95% interval - low bound,2024-03,-0.4
95% interval - low bound,2024-04,-0.2
95% interval - low bound,2024-05,-0.6
95% interval - low bound,2024-06,-0.7
95% interval - low bound,2024-07,-1.1
95% interval - low bound,2024-08,-0.8
95% interval - low bound,2024-09,-1
95% interval - low bound,2024-10,-0.8
95% interval - low bound,2024-11,-0.6
95% interval - low bound,2024-12,-4.2
95% interval - low bound,2025-01,-5.4
95% interval - low bound,2025-02,-7.1
95% interval - low bound,2025-03,-7.7
95% interval - low bound,2025-04,-7.9
95% interval - low bound,2025-05,-7.6
95% interval - low bound,2025-06,-7.5
95% interval - low bound,2025-07,-7.1
95% interval - low bound,2025-08,-7.1
95% interval - low bound,2025-09,-6.8
95% interval - low bound,2025-10,-6.9
95% interval - low bound,2025-11,-7
95% interval - low bound,2025-12,-6.8
95% interval - low bound,2026-01,
95% interval - low bound,2026-02,
95% interval - low bound,2026-03,
95% interval - low bound,2026-04,
95% interval - low bound,2026-05,
95% interval - low bound,2026-06,
95% interval - low bound,2026-07,
95% interval - low bound,2026-08,
95% interval - low bound,2026-09,
95% interval - low bound,2026-10,
95% interval - low bound,2026-11,
95% interval - low bound,2026-12,
95% interval - low bound,2027-01,
95% interval - low bound,2027-02,
95% interval - low bound,2027-03,
95% interval - low bound,2027-04,
95% interval - low bound,2027-05,
95% interval - low bound,2027-06,
95% interval - low bound,2027-07,
95% interval - low bound,2027-08,
95% interval - low bound,2027-09,
95% interval - low bound,2027-10,
95% interval - low bound,2027-11,
95% interval - low bound,2027-12,
95% interval - low bound,2028-01,
95% interval - low bound,2028-02,
95% interval - low bound,2028-03,
95% interval - low bound,2028-04,
95% interval - low bound,2028-05,
95% interval - low bound,2028-06,
95% interval - low bound,2028-07,
95% interval - low bound,2028-08,
95% interval - low bound,2028-09,
95% interval - low bound,2028-10,
95% interval - low bound,2028-11,
95% interval - low bound,2028-12,
95% interval - low bound,2029-01,
95% interval - low bound,2029-02,
95% interval - low bound,2029-03,
95% interval - low bound,2029-04,
95% interval - low bound,2029-05,
95% interval - low bound,2029-06,
95% interval - low bound,2029-07,
95% interval - low bound,2029-08,
95% interval - low bound,2029-09,
95% interval - low bound,2029-10,
95% interval - low bound,2029-11,
95% interval - low bound,2029-12,
95% interval - low bound,2030-01,
95% interval - low bound,2030-02,
95% interval - low bound,2030-03,
95% interval - low bound,2030-04,
95% interval - low bound,2030-05,
95% interval - low bound,2030-06,
95% interval - low bound,2030-07,
95% interval - low bound,2030-08,
95% interval - low bound,2030-09,
95% interval - low bound,2030-10,
95% interval - low bound,2030-11,
95% interval - low bound,2030-12,
% of information,2005-01,47.06
% of information,2005-02,88.24
% of information,2005-03,88.24
% of information,2005-04,88.24
% of information,2005-05,88.24
% of information,2005-06,88.24
% of information,2005-07,88.24
% of information,2005-08,88.24
% of information,2005-09,88.24
% of information,2005-10,88.24
% of information,2005-11,88.24
% of information,2005-12,88.24
% of information,2006-01,88.24
% of information,2006-02,88.24
% of information,2006-03,88.24
% of information,2006-04,88.24
% of information,2006-05,88.24
% of information,2006-06,88.24
% of information,2006-07,88.24
% of information,2006-08,88.24
% of information,2006-09,88.24
% of information,2006-10,88.24
% of information,2006-11,88.24
% of information,2006-12,88.24
% of information,2007-01,88.24
% of information,2007-02,88.24
% of information,2007-03,88.24
% of information,2007-04,88.24
% of information,2007-05,88.24
% of information,2007-06,88.24
% of information,2007-07,88.24
% of information,2007-08,88.24
% of information,2007-09,88.24
% of information,2007-10,88.24
% of information,2007-11,88.24
% of information,2007-12,88.24
% of information,2008-01,88.24
% of information,2008-02,88.24
% of information,2008-03,88.24
% of information,2008-04,88.24
% of information,2008-05,88.24
% of information,2008-06,88.24
% of information,2008-07,88.24
% of information,2008-08,88.24
% of information,2008-09,88.24
% of information,2008-10,88.24
% of information,2008-11,88.24
% of information,2008-12,88.24
% of information,2009-01,88.24
% of information,2009-02,88.24
% of information,2009-03,88.24
% of information,2009-04,88.24
% of information,2009-05,88.24
% of information,2009-06,88.24
% of information,2009-07,88.24
% of information,2009-08,88.24
% of information,2009-09,88.24
% of information,2009-10,88.24
% of information,2009-11,88.24
% of information,2009-12,88.24
% of information,2010-01,88.24
% of information,2010-02,94.12
% of information,2010-03,94.12
% of information,2010-04,94.12
% of information,2010-05,94.12
% of information,2010-06,94.12
% of information,2010-07,94.12
% of information,2010-08,94.12
% of information,2010-09,94.12
% of information,2010-10,94.12
% of information,2010-11,94.12
% of information,2010-12,94.12
% of information,2011-01,94.12
% of information,2011-02,94.12
% of information,2011-03,94.12
% of information,2011-04,94.12
% of information,2011-05,94.12
% of information,2011-06,94.12
% of information,2011-07,94.12
% of information,2011-08,94.12
% of information,2011-09,94.12
% of information,2011-10,94.12
% of information,2011-11,94.12
% of information,2011-12,94.12
% of information,2012-01,94.12
% of information,2012-02,94.12
% of information,2012-03,94.12
% of information,2012-04,94.12
% of information,2012-05,94.12
% of information,2012-06,94.12
% of information,2012-07,94.12
% of information,2012-08,94.12
% of information,2012-09,94.12
% of information,2012-10,94.12
% of information,2012-11,94.12
% of information,2012-12,94.12
% of information,2013-01,94.12
% of information,2013-02,94.12
% of information,2013-03,94.12
% of information,2013-04,94.12
% of information,2013-05,94.12
% of information,2013-06,94.12
% of information,2013-07,94.12
% of information,2013-08,94.12
% of information,2013-09,94.12
% of information,2013-10,94.12
% of information,2013-11,94.12
% of information,2013-12,94.12
% of information,2014-01,94.12
% of information,2014-02,94.12
% of information,2014-03,94.12
% of information,2014-04,94.12
% of information,2014-05,94.12
% of information,2014-06,94.12
% of information,2014-07,94.12
% of information,2014-08,94.12
% of information,2014-09,94.12
% of information,2014-10,94.12
% of information,2014-11,94.12
% of information,2014-12,94.12
% of information,2015-01,94.12
% of information,2015-02,100
% of information,2015-03,100
% of information,2015-04,100
% of information,2015-05,100
% of information,2015-06,100
% of information,2015-07,100
% of information,2015-08,100
% of information,2015-09,100
% of information,2015-10,100
% of information,2015-11,100
% of information,2015-12,100
% of information,2016-01,100
% of information,2016-02,100
% of information,2016-03,100
% of information,2016-04,100
% of information,2016-05,100
% of information,2016-06,100
% of information,2016-07,100
% of information,2016-08,100
% of information,2016-09,100
% of information,2016-10,100
% of information,2016-11,100
% of information,2016-12,100
% of information,2017-01,100
% of information,2017-02,100
% of information,2017-03,100
% of information,2017-04,100
% of information,2017-05,100
% of information,2017-06,100
% of information,2017-07,100
% of information,2017-08,100
% of information,2017-09,100
% of information,2017-10,100
% of information,2017-11,100
% of information,2017-12,100
% of information,2018-01,100
% of information,2018-02,100
% of information,2018-03,100
% of information,2018-04,100
% of information,2018-05,100
% of information,2018-06,100
% of information,2018-07,100
% of information,2018-08,100
% of information,2018-09,100
% of information,2018-10,100
% of information,2018-11,100
% of information,2018-12,100
% of information,2019-01,100
% of information,2019-02,100
% of information,2019-03,100
% of information,2019-04,100
% of information,2019-05,100
% of information,2019-06,100
% of information,2019-07,100
% of information,2019-08,100
% of information,2019-09,100
% of information,2019-10,100
% of information,2019-11,100
% of information,2019-12,100
% of information,2020-01,100
% of information,2020-02,100
% of information,2020-03,100
% of information,2020-04,100
% of information,2020-05,100
% of information,2020-06,100
% of information,2020-07,100
% of information,2020-08,100
% of information,2020-09,100
% of information,2020-10,100
% of information,2020-11,100
% of information,2020-12,100
% of information,2021-01,100
% of information,2021-02,100
% of information,2021-03,100
% of information,2021-04,100
% of information,2021-05,100
% of information,2021-06,100
% of information,2021-07,100
% of information,2021-08,100
% of information,2021-09,100
% of information,2021-10,100
% of information,2021-11,100
% of information,2021-12,100
% of information,2022-01,100
% of information,2022-02,100
% of information,2022-03,100
% of information,2022-04,100
% of information,2022-05,100
% of information,2022-06,100
% of information,2022-07,100
% of information,2022-08,100
% of information,2022-09,100
% of information,2022-10,100
% of information,2022-11,100
% of information,2022-12,100
% of information,2023-01,100
% of information,2023-02,100
% of information,2023-03,100
% of information,2023-04,100
% of information,2023-05,100
% of information,2023-06,100
% of information,2023-07,100
% of information,2023-08,100
% of information,2023-09,100
% of information,2023-10,100
% of information,2023-11,100
% of information,2023-12,100
% of information,2024-01,100
% of information,2024-02,100
% of information,2024-03,100
% of information,2024-04,100
% of information,2024-05,100
% of information,2024-06,100
% of information,2024-07,100
% of information,2024-08,100
% of information,2024-09,100
% of information,2024-10,100
% of information,2024-11,100
% of information,2024-12,29.41
% of information,2025-01,17.65
% of information,2025-02,0
% of information,2025-03,0
% of information,2025-04,0
% of information,2025-05,0
% of information,2025-06,0
% of information,2025-07,0
% of information,2025-08,0
% of information,2025-09,0
% of information,2025-10,0
% of information,2025-11,0
% of information,2025-12,0
% of information,2026-01,
% of information,2026-02,
% of information,2026-03,
% of information,2026-04,
% of information,2026-05,
% of information,2026-06,
% of information,2026-07,
% of information,2026-08,
% of information,2026-09,
% of information,2026-10,
% of information,2026-11,
% of information,2026-12,
% of information,2027-01,
% of information,2027-02,
% of information,2027-03,
% of information,2027-04,
% of information,2027-05,
% of information,2027-06,
% of information,2027-07,
% of information,2027-08,
% of information,2027-09,
% of information,2027-10,
% of information,2027-11,
% of information,2027-12,
% of information,2028-01,
% of information,2028-02,
% of information,2028-03,
% of information,2028-04,
% of information,2028-05,
% of information,2028-06,
% of information,2028-07,
% of information,2028-08,
% of information,2028-09,
% of information,2028-10,
% of information,2028-11,
% of information,2028-12,
% of information,2029-01,
% of information,2029-02,
% of information,2029-03,
% of information,2029-04,
% of information,2029-05,
% of information,2029-06,
% of information,2029-07,
% of information,2029-08,
% of information,2029-09,
% of information,2029-10,
% of information,2029-11,
% of information,2029-12,
% of information,2030-01,
% of information,2030-02,
% of information,2030-03,
% of information,2030-04,
% of information,2030-05,
% of information,2030-06,
% of information,2030-07,
% of information,2030-08,
% of information,2030-09,
% of information,2030-10,
% of information,2030-11,
% of information,2030-12,