COM1071 - Turnover volume indices in retail trade, unadjusted series -base year 2021,Date,INDEX (2021 av. = 100),TOTAL,Mainly selling food products, beverages and tobacco,- F Non specialised shops,- F Specialised shops,Mainly selling non-food products,- NF Non specialised shops,- NF Specialised shops,- Retail sale via mail order houses or via Internet,Retail sale of automotive fuel in specialised stores,Retail sale excluding sale of automotive fuel in specialised stores,Non-specialised stores,Information and communication equipment in specialised stores,Other household equipment in specialised stores,Cultural and recreation goods in specialised stores,Other goods in specialised stores,Via stalls and markets,Not in stores, stalls or markets
Fri Jan 05 2024 02:00:00 GMT+0200 (Eastern European Standard Time),2005-01,,26.9,31.3,28.4,77.6,22.1,62.7,22.4,0.2,29.6,26.1,:,:,:,:,:,:,:
Mon Feb 05 2024 02:00:00 GMT+0200 (Eastern European Standard Time),2005-02,,27.7,32.8,29.9,77.7,22.8,63.5,22.7,0.5,29.2,27.1,:,:,:,:,:,:,:
Tue Mar 05 2024 02:00:00 GMT+0200 (Eastern European Standard Time),2005-03,,33.5,38.3,35.3,85.3,27.5,75.2,27.8,0.8,38.1,32.1,:,:,:,:,:,:,:
Fri Apr 05 2024 02:00:00 GMT+0300 (Eastern European Summer Time),2005-04,,34.5,40.5,37.4,90.1,27.6,81.4,27.7,0.4,39.2,33.1,:,:,:,:,:,:,:
Sun May 05 2024 02:00:00 GMT+0300 (Eastern European Summer Time),2005-05,,32,33.7,30.7,81.6,26.6,75,26.9,0.4,40.8,29.8,:,:,:,:,:,:,:
Wed Jun 05 2024 02:00:00 GMT+0300 (Eastern European Summer Time),2005-06,,34.8,37.7,34.4,90.9,28.9,78.3,29.3,0.8,42.5,32.8,:,:,:,:,:,:,:
Fri Jul 05 2024 02:00:00 GMT+0300 (Eastern European Summer Time),2005-07,,35.7,39.1,36.1,87.2,28.8,77.2,29.7,0.3,45,33.3,:,:,:,:,:,:,:
Mon Aug 05 2024 02:00:00 GMT+0300 (Eastern European Summer Time),2005-08,,38.3,40.4,37.1,91.7,31.9,86.4,32.9,0.4,48.6,35.7,:,:,:,:,:,:,:
Thu Sep 05 2024 02:00:00 GMT+0300 (Eastern European Summer Time),2005-09,,37.8,40.7,37.3,94.1,30.8,82.7,31.5,0.8,48.2,35.1,:,:,:,:,:,:,:
Sat Oct 05 2024 02:00:00 GMT+0300 (Eastern European Summer Time),2005-10,,40.1,44.2,40.9,96.8,31.6,83,32.4,0.4,52.6,37,:,:,:,:,:,:,:
Tue Nov 05 2024 02:00:00 GMT+0200 (Eastern European Standard Time),2005-11,,40.8,45,41.9,94.4,32.5,80.7,33.5,0.4,52.3,37.9,:,:,:,:,:,:,:
Thu Dec 05 2024 02:00:00 GMT+0200 (Eastern European Standard Time),2005-12,,49.8,63.5,60.6,110.6,40.1,103.1,41.4,1.3,46.9,50,:,:,:,:,:,:,:
Sat Jan 06 2024 02:00:00 GMT+0200 (Eastern European Standard Time),2006-01,,31.9,37.9,34.3,95.5,26.3,67.6,26.5,2.2,33.5,31.3,:,:,:,:,:,:,:
Tue Feb 06 2024 02:00:00 GMT+0200 (Eastern European Standard Time),2006-02,,33.2,38.9,35.2,97.6,27.4,72.9,27.2,2.6,35.5,32.4,:,:,:,:,:,:,:
Wed Mar 06 2024 02:00:00 GMT+0200 (Eastern European Standard Time),2006-03,,38.2,44.6,40.3,112.4,31.1,90,30.7,2.1,42.4,36.9,:,:,:,:,:,:,:
Sat Apr 06 2024 02:00:00 GMT+0300 (Eastern European Summer Time),2006-04,,40.1,48.8,44.7,113.4,32,98.9,31.4,2.5,43.1,39.1,:,:,:,:,:,:,:
Mon May 06 2024 02:00:00 GMT+0300 (Eastern European Summer Time),2006-05,,42.5,47.7,43.6,111.6,35.1,108.3,34.3,2.5,49.5,40.6,:,:,:,:,:,:,:
Thu Jun 06 2024 02:00:00 GMT+0300 (Eastern European Summer Time),2006-06,,42.6,44.9,40.8,111,36.1,108.8,35.5,3,51.8,40.1,:,:,:,:,:,:,:
Sat Jul 06 2024 02:00:00 GMT+0300 (Eastern European Summer Time),2006-07,,44.6,46.3,42.5,107.6,37.3,114.9,36.8,3.1,57.3,41.4,:,:,:,:,:,:,:
Tue Aug 06 2024 02:00:00 GMT+0300 (Eastern European Summer Time),2006-08,,48.5,48,44,111.2,41.4,130.6,41,2,64,44.6,:,:,:,:,:,:,:
Fri Sep 06 2024 02:00:00 GMT+0300 (Eastern European Summer Time),2006-09,,47.7,47.9,43.9,111.6,41,131.7,40.3,2.5,61.1,44.3,:,:,:,:,:,:,:
Sun Oct 06 2024 02:00:00 GMT+0300 (Eastern European Summer Time),2006-10,,52.6,56.2,52.5,115.5,43.2,134.3,42.3,3.7,66.4,49,:,:,:,:,:,:,:
Wed Nov 06 2024 02:00:00 GMT+0200 (Eastern European Standard Time),2006-11,,50.2,52.9,48.4,123.6,42.9,133,41.6,3.7,60.8,47.5,:,:,:,:,:,:,:
Fri Dec 06 2024 02:00:00 GMT+0200 (Eastern European Standard Time),2006-12,,58.7,72.2,67.5,147.5,48.8,132.2,49.2,4.6,55.8,58.8,:,:,:,:,:,:,:
Sun Jan 07 2024 02:00:00 GMT+0200 (Eastern European Standard Time),2007-01,,39.4,43.5,40.4,94,33.2,84.1,32.8,6,45.4,37.7,:,:,:,:,:,:,:
Wed Feb 07 2024 02:00:00 GMT+0200 (Eastern European Standard Time),2007-02,,40.7,43.1,39.9,93.4,34.6,93,33.5,7.2,48.8,38.5,:,:,:,:,:,:,:
Thu Mar 07 2024 02:00:00 GMT+0200 (Eastern European Standard Time),2007-03,,48.8,52.2,48.6,109.5,41.2,113.8,40.3,6.7,59,46.1,:,:,:,:,:,:,:
Sun Apr 07 2024 02:00:00 GMT+0300 (Eastern European Summer Time),2007-04,,48,52.5,48.8,111.6,39.4,108.8,38.7,6.3,59.2,45.1,:,:,:,:,:,:,:
Tue May 07 2024 02:00:00 GMT+0300 (Eastern European Summer Time),2007-05,,51.6,51.4,47.3,116.5,43.8,128.2,43,5.5,68.1,47.5,:,:,:,:,:,:,:
Fri Jun 07 2024 02:00:00 GMT+0300 (Eastern European Summer Time),2007-06,,50.2,53.4,49.2,120.7,42.1,127.8,41.5,3.6,61.8,47.2,:,:,:,:,:,:,:
Sun Jul 07 2024 02:00:00 GMT+0300 (Eastern European Summer Time),2007-07,,54.1,56.1,52,121.2,44,127.1,43.8,4.3,73.1,49.4,:,:,:,:,:,:,:
Wed Aug 07 2024 02:00:00 GMT+0300 (Eastern European Summer Time),2007-08,,57.7,60.8,56.6,128.2,47.5,137.1,47.7,3.5,74.5,53.4,:,:,:,:,:,:,:
Sat Sep 07 2024 02:00:00 GMT+0300 (Eastern European Summer Time),2007-09,,55.9,58.2,54.3,120.7,47,132.3,47.2,4.2,71,52.1,:,:,:,:,:,:,:
Mon Oct 07 2024 02:00:00 GMT+0300 (Eastern European Summer Time),2007-10,,59.9,60.8,57.2,117.3,50.9,132.4,51.3,5.4,76.9,55.6,:,:,:,:,:,:,:
Thu Nov 07 2024 02:00:00 GMT+0200 (Eastern European Standard Time),2007-11,,60.2,63.1,59,127.7,52,125.7,53.1,5,71.8,57.1,:,:,:,:,:,:,:
Sat Dec 07 2024 02:00:00 GMT+0200 (Eastern European Standard Time),2007-12,,71.9,89.8,86.3,144.6,58.6,120.1,61,9,69.7,71.8,:,:,:,:,:,:,:
Mon Jan 08 2024 02:00:00 GMT+0200 (Eastern European Standard Time),2008-01,,49,51.6,49.6,85,41.4,106.6,42.4,1.7,60.5,46,:,:,:,:,:,:,:
Thu Feb 08 2024 02:00:00 GMT+0200 (Eastern European Standard Time),2008-02,,52.6,54.3,52.1,90.4,45.3,121.8,45.5,2.4,64.4,49.5,:,:,:,:,:,:,:
Fri Mar 08 2024 02:00:00 GMT+0200 (Eastern European Standard Time),2008-03,,56.5,60.1,57.6,100.4,46.9,118,48.5,2.5,70.9,52.8,:,:,:,:,:,:,:
Mon Apr 08 2024 02:00:00 GMT+0300 (Eastern European Summer Time),2008-04,,61.4,64.1,61.7,103.5,49.9,125.8,50.9,2.3,81.8,56.2,:,:,:,:,:,:,:
Wed May 08 2024 02:00:00 GMT+0300 (Eastern European Summer Time),2008-05,,63.2,62.5,60.5,94.6,52.7,142.3,53.6,2.3,86.9,57.3,:,:,:,:,:,:,:
Sat Jun 08 2024 02:00:00 GMT+0300 (Eastern European Summer Time),2008-06,,65.1,64.7,63.2,90,55.4,161.5,54.5,4,86,59.9,:,:,:,:,:,:,:
Mon Jul 08 2024 02:00:00 GMT+0300 (Eastern European Summer Time),2008-07,,67.1,66.1,64.6,90.4,56,154.2,56.7,4.6,92.8,60.8,:,:,:,:,:,:,:
Thu Aug 08 2024 02:00:00 GMT+0300 (Eastern European Summer Time),2008-08,,67.6,67.4,65.8,93.3,56.7,157,57.4,4.8,91.3,61.7,:,:,:,:,:,:,:
Sun Sep 08 2024 02:00:00 GMT+0300 (Eastern European Summer Time),2008-09,,66.6,65,62.8,99.7,57.4,160.4,57.9,4.7,88.2,61.2,:,:,:,:,:,:,:
Tue Oct 08 2024 02:00:00 GMT+0300 (Eastern European Summer Time),2008-10,,67.2,64.3,62,101.6,57.9,152.4,59.3,3,91.5,61.2,:,:,:,:,:,:,:
Fri Nov 08 2024 02:00:00 GMT+0200 (Eastern European Standard Time),2008-11,,63,62.8,60.5,99.8,53.9,132.1,55.9,2.9,81.9,58.2,:,:,:,:,:,:,:
Sun Dec 08 2024 02:00:00 GMT+0200 (Eastern European Standard Time),2008-12,,68.8,77.4,76.1,99.5,59.6,134.8,60.9,4,71.7,67.5,:,:,:,:,:,:,:
Tue Jan 09 2024 02:00:00 GMT+0200 (Eastern European Standard Time),2009-01,,48.2,54.5,53.3,74.2,40.8,102.7,41.3,4.7,53.2,46.9,:,:,:,:,:,:,:
Fri Feb 09 2024 02:00:00 GMT+0200 (Eastern European Standard Time),2009-02,,48.1,53.8,53,68.2,41.6,106.5,41.9,4.3,52,47.1,:,:,:,:,:,:,:
Sat Mar 09 2024 02:00:00 GMT+0200 (Eastern European Standard Time),2009-03,,53.9,59.4,58.2,79.7,46.9,119.4,47.6,4.9,59.2,52.5,:,:,:,:,:,:,:
Tue Apr 09 2024 02:00:00 GMT+0300 (Eastern European Summer Time),2009-04,,55.5,62,61.2,75.4,45.9,128.6,45.9,4.4,65.1,53,:,:,:,:,:,:,:
Thu May 09 2024 02:00:00 GMT+0300 (Eastern European Summer Time),2009-05,,55.2,60.4,59.4,77.5,46.6,132.4,46.4,4.8,64.6,52.8,:,:,:,:,:,:,:
Sun Jun 09 2024 02:00:00 GMT+0300 (Eastern European Summer Time),2009-06,,54.9,59,57.7,80.6,46.8,141.9,46,4.6,65.2,52.3,:,:,:,:,:,:,:
Tue Jul 09 2024 02:00:00 GMT+0300 (Eastern European Summer Time),2009-07,,59,62.4,61,84.9,50.1,151.9,49.6,4.5,72.3,55.6,:,:,:,:,:,:,:
Fri Aug 09 2024 02:00:00 GMT+0300 (Eastern European Summer Time),2009-08,,60.2,64.2,63,83.7,50.6,157.8,49.9,3.9,73.7,56.7,:,:,:,:,:,:,:
Mon Sep 09 2024 02:00:00 GMT+0300 (Eastern European Summer Time),2009-09,,59.1,60.4,59.2,80.4,52.6,163.2,51.6,4.5,70.2,56.2,:,:,:,:,:,:,:
Wed Oct 09 2024 02:00:00 GMT+0300 (Eastern European Summer Time),2009-10,,60.5,62.5,61.7,76,53.3,165.2,52,5.6,72.2,57.5,:,:,:,:,:,:,:
Sat Nov 09 2024 02:00:00 GMT+0200 (Eastern European Standard Time),2009-11,,57.5,59.4,58.9,68.1,52,153.8,50.7,7.9,65.4,55.4,:,:,:,:,:,:,:
Mon Dec 09 2024 02:00:00 GMT+0200 (Eastern European Standard Time),2009-12,,63.5,73.4,73.3,76,54.9,126.1,55.1,14.1,64.4,63.1,:,:,:,:,:,:,:
Wed Jan 10 2024 02:00:00 GMT+0200 (Eastern European Standard Time),2010-01,,41.7,47.8,47.3,56.1,34.6,52.3,36.8,7,46.2,40.4,:,:,:,:,:,:,:
Sat Feb 10 2024 02:00:00 GMT+0200 (Eastern European Standard Time),2010-02,,43.2,48,47.7,53.4,36.8,59,38.9,6.4,48.7,41.8,:,:,:,:,:,:,:
Sun Mar 10 2024 02:00:00 GMT+0200 (Eastern European Standard Time),2010-03,,51.7,56.3,55.7,65.6,43.9,74.8,46.2,7.4,60.2,49.4,:,:,:,:,:,:,:
Wed Apr 10 2024 02:00:00 GMT+0300 (Eastern European Summer Time),2010-04,,51.3,55,54.5,63.3,42.4,81.4,44.1,7,64.4,48,:,:,:,:,:,:,:
Fri May 10 2024 02:00:00 GMT+0300 (Eastern European Summer Time),2010-05,,52.9,55.8,55.2,65.3,43.3,89.3,44.7,7.4,68.7,48.9,:,:,:,:,:,:,:
Mon Jun 10 2024 02:00:00 GMT+0300 (Eastern European Summer Time),2010-06,,56.3,57.7,57.4,63.5,47.6,105.1,48.9,7.6,72.3,52.2,:,:,:,:,:,:,:
Wed Jul 10 2024 02:00:00 GMT+0300 (Eastern European Summer Time),2010-07,,52.9,53.8,53.3,62.4,42.8,96.7,43.8,7,73,47.8,:,:,:,:,:,:,:
Sat Aug 10 2024 02:00:00 GMT+0300 (Eastern European Summer Time),2010-08,,57.9,59.1,58.8,64.1,46.3,111.3,47.3,6.7,81,52,:,:,:,:,:,:,:
Tue Sep 10 2024 02:00:00 GMT+0300 (Eastern European Summer Time),2010-09,,56.9,54.7,54.2,64.1,46.1,95.5,48,7.4,84.2,50.1,:,:,:,:,:,:,:
Thu Oct 10 2024 02:00:00 GMT+0300 (Eastern European Summer Time),2010-10,,54.4,54,53.7,58.6,43.7,93.6,44.6,9.3,78.8,48.3,:,:,:,:,:,:,:
Sun Nov 10 2024 02:00:00 GMT+0200 (Eastern European Standard Time),2010-11,,52.8,54.4,54.4,55.9,44,90.9,44.8,10.3,69,48.7,:,:,:,:,:,:,:
Tue Dec 10 2024 02:00:00 GMT+0200 (Eastern European Standard Time),2010-12,,56.4,66.1,66.6,58.6,48.5,96.1,49,14.9,56.5,56.3,:,:,:,:,:,:,:
Thu Jan 11 2024 02:00:00 GMT+0200 (Eastern European Standard Time),2011-01,,39.5,43.1,43.1,43.9,36,68.7,37.4,9.3,40.1,39.2,:,:,:,:,:,:,:
Sun Feb 11 2024 02:00:00 GMT+0200 (Eastern European Standard Time),2011-02,,41.9,43.2,43.2,42.7,37.6,64.7,39.1,9.4,48.2,40.2,:,:,:,:,:,:,:
Mon Mar 11 2024 02:00:00 GMT+0200 (Eastern European Standard Time),2011-03,,49.7,49.5,49.4,51.8,44.7,72.4,46.9,11.2,60.1,47,:,:,:,:,:,:,:
Thu Apr 11 2024 02:00:00 GMT+0300 (Eastern European Summer Time),2011-04,,50.2,52.3,52.4,51.9,43.2,82.3,45,9.5,61.5,47.3,:,:,:,:,:,:,:
Sat May 11 2024 02:00:00 GMT+0300 (Eastern European Summer Time),2011-05,,51.6,50.7,50.6,52.1,44.8,85.9,46.4,10,67.5,47.5,:,:,:,:,:,:,:
Tue Jun 11 2024 02:00:00 GMT+0300 (Eastern European Summer Time),2011-06,,52.1,51,50.9,52.3,45.4,91.9,46.9,9.2,68.1,48,:,:,:,:,:,:,:
Thu Jul 11 2024 02:00:00 GMT+0300 (Eastern European Summer Time),2011-07,,54,52.4,52.5,51,45,80.4,47,10.9,76,48.4,:,:,:,:,:,:,:
Sun Aug 11 2024 02:00:00 GMT+0300 (Eastern European Summer Time),2011-08,,56.4,53.1,53.2,52.1,47.4,86.5,49.3,12.4,81.6,50.1,:,:,:,:,:,:,:
Wed Sep 11 2024 02:00:00 GMT+0300 (Eastern European Summer Time),2011-09,,54.5,51.9,52.1,49.9,46.6,90.6,47.8,12.7,75.7,49.2,:,:,:,:,:,:,:
Fri Oct 11 2024 02:00:00 GMT+0300 (Eastern European Summer Time),2011-10,,55.8,52.6,53,47.8,48.5,93.3,49.7,13.7,76.9,50.5,:,:,:,:,:,:,:
Mon Nov 11 2024 02:00:00 GMT+0200 (Eastern European Standard Time),2011-11,,54.8,51.7,51.8,50,49.3,88.4,50.2,17,71.1,50.6,:,:,:,:,:,:,:
Wed Dec 11 2024 02:00:00 GMT+0200 (Eastern European Standard Time),2011-12,,60.3,65.5,65.9,60.3,54.4,87,56.2,19.8,63.3,59.4,:,:,:,:,:,:,:
Fri Jan 12 2024 02:00:00 GMT+0200 (Eastern European Standard Time),2012-01,,43.1,43.4,43.2,46.3,39,60.6,40.6,14.5,50.7,41.1,:,:,:,:,:,:,:
Mon Feb 12 2024 02:00:00 GMT+0200 (Eastern European Standard Time),2012-02,,43.2,45.6,45,55.7,38.5,61.8,40.4,11.8,48.3,41.8,:,:,:,:,:,:,:
Tue Mar 12 2024 02:00:00 GMT+0200 (Eastern European Standard Time),2012-03,,51.6,50.3,49.8,58.7,46.7,76.7,49.3,12.1,63.8,48.5,:,:,:,:,:,:,:
Fri Apr 12 2024 02:00:00 GMT+0300 (Eastern European Summer Time),2012-04,,52.6,51.8,51.1,64.1,45.7,77,48.3,12.1,68.6,48.5,:,:,:,:,:,:,:
Sun May 12 2024 02:00:00 GMT+0300 (Eastern European Summer Time),2012-05,,55,51.7,50.9,65.8,48,89.1,49.9,11.9,75.4,49.9,:,:,:,:,:,:,:
Wed Jun 12 2024 02:00:00 GMT+0300 (Eastern European Summer Time),2012-06,,54.5,52.4,52,59.3,46.3,83.7,48.4,12.3,75.3,49.2,:,:,:,:,:,:,:
Fri Jul 12 2024 02:00:00 GMT+0300 (Eastern European Summer Time),2012-07,,57.1,53.2,52.8,59.9,48.7,94.3,50.7,11.6,81.9,50.9,:,:,:,:,:,:,:
Mon Aug 12 2024 02:00:00 GMT+0300 (Eastern European Summer Time),2012-08,,60.1,57.4,57.2,62.3,49.6,93.6,52,12.4,87.5,53.2,:,:,:,:,:,:,:
Thu Sep 12 2024 02:00:00 GMT+0300 (Eastern European Summer Time),2012-09,,57.3,55.1,54.8,60.8,49.8,91.8,52.2,12.2,77,52.3,:,:,:,:,:,:,:
Sat Oct 12 2024 02:00:00 GMT+0300 (Eastern European Summer Time),2012-10,,57.6,53.2,52.8,60.3,51.3,92.3,52.9,16.6,78.4,52.4,:,:,:,:,:,:,:
Tue Nov 12 2024 02:00:00 GMT+0200 (Eastern European Standard Time),2012-11,,56.4,54.2,53.7,61.4,50.5,86.3,51.7,20.1,72.3,52.4,:,:,:,:,:,:,:
Thu Dec 12 2024 02:00:00 GMT+0200 (Eastern European Standard Time),2012-12,,57.8,64.8,64.9,64.2,51,77.8,52.6,22.5,60,57.2,:,:,:,:,:,:,:
Sat Jan 13 2024 02:00:00 GMT+0200 (Eastern European Standard Time),2013-01,,44.4,45.6,45.5,47.6,40.1,55.5,42,15.9,51.2,42.7,:,:,:,:,:,:,:
Tue Feb 13 2024 02:00:00 GMT+0200 (Eastern European Standard Time),2013-02,,43.8,45.7,45.8,45.6,39.9,51.7,42.2,15.4,48.2,42.6,:,:,:,:,:,:,:
Wed Mar 13 2024 02:00:00 GMT+0200 (Eastern European Standard Time),2013-03,,49.5,50.2,50.2,50.7,44.9,60,47.9,14.9,57.1,47.5,:,:,:,:,:,:,:
Sat Apr 13 2024 02:00:00 GMT+0300 (Eastern European Summer Time),2013-04,,54.1,51.6,51.5,53.1,49.7,72.6,52,16,66.9,50.8,:,:,:,:,:,:,:
Mon May 13 2024 02:00:00 GMT+0300 (Eastern European Summer Time),2013-05,,52.7,52.1,51.8,57.2,46.8,70.1,48.8,14.8,65.8,49.3,:,:,:,:,:,:,:
Thu Jun 13 2024 02:00:00 GMT+0300 (Eastern European Summer Time),2013-06,,52.4,50.1,49.7,56.6,46.7,71,49.5,14.3,68.1,48.4,:,:,:,:,:,:,:
Sat Jul 13 2024 02:00:00 GMT+0300 (Eastern European Summer Time),2013-07,,57.8,52.8,52.6,56.4,50.7,78.7,53.5,15.9,81.1,51.9,:,:,:,:,:,:,:
Tue Aug 13 2024 02:00:00 GMT+0300 (Eastern European Summer Time),2013-08,,59.4,55.9,56.1,53.2,51.7,79.5,54.6,15.3,81.5,53.8,:,:,:,:,:,:,:
Fri Sep 13 2024 02:00:00 GMT+0300 (Eastern European Summer Time),2013-09,,57.6,53.3,53.3,53.9,51.7,80.4,54.2,16.2,77.2,52.7,:,:,:,:,:,:,:
Sun Oct 13 2024 02:00:00 GMT+0300 (Eastern European Summer Time),2013-10,,58.8,54.1,54.2,53.4,53,77.1,55.5,18.7,78.5,53.8,:,:,:,:,:,:,:
Wed Nov 13 2024 02:00:00 GMT+0200 (Eastern European Standard Time),2013-11,,57.6,53.9,53.8,56.1,53.4,77.7,56,17.1,71.9,53.9,:,:,:,:,:,:,:
Fri Dec 13 2024 02:00:00 GMT+0200 (Eastern European Standard Time),2013-12,,61.7,67.2,67.1,68.4,56.8,78.3,58.7,26.6,61.9,61.5,:,:,:,:,:,:,:
Sun Jan 14 2024 02:00:00 GMT+0200 (Eastern European Standard Time),2014-01,,46.7,47.9,47.5,54,43.9,47.7,46.7,19.1,49.8,45.9,:,:,:,:,:,:,:
Wed Feb 14 2024 02:00:00 GMT+0200 (Eastern European Standard Time),2014-02,,47.4,47.7,47.3,55.1,45.2,53.9,47.9,18.7,50.6,46.5,:,:,:,:,:,:,:
Thu Mar 14 2024 02:00:00 GMT+0200 (Eastern European Standard Time),2014-03,,56,53.6,53.1,61.2,52.2,62.5,55.8,18.3,67.2,53.1,:,:,:,:,:,:,:
Sun Apr 14 2024 02:00:00 GMT+0300 (Eastern European Summer Time),2014-04,,56.2,55.9,55.6,62.1,52.7,72.3,55.5,21.9,62.8,54.4,:,:,:,:,:,:,:
Tue May 14 2024 02:00:00 GMT+0300 (Eastern European Summer Time),2014-05,,57.2,54.1,53.5,64.3,54.5,67.2,58.4,18.9,67,54.6,:,:,:,:,:,:,:
Fri Jun 14 2024 02:00:00 GMT+0300 (Eastern European Summer Time),2014-06,,57.1,54,53.6,61.6,53.3,67.7,56.6,21.3,69.5,53.9,:,:,:,:,:,:,:
Sun Jul 14 2024 02:00:00 GMT+0300 (Eastern European Summer Time),2014-07,,60.8,57,56.6,63.4,55.2,72.4,58.8,19.9,78.7,56.3,:,:,:,:,:,:,:
Wed Aug 14 2024 02:00:00 GMT+0300 (Eastern European Summer Time),2014-08,,61.8,59,58.6,66.4,56.1,72.5,59.9,20.5,78.1,57.7,:,:,:,:,:,:,:
Sat Sep 14 2024 02:00:00 GMT+0300 (Eastern European Summer Time),2014-09,,60.3,54.6,54.1,62.7,57.7,79.1,59.9,26.1,74.5,56.7,:,:,:,:,:,:,:
Mon Oct 14 2024 02:00:00 GMT+0300 (Eastern European Summer Time),2014-10,,61.1,56.2,55.7,63.2,57.4,77.7,60,25.6,76.2,57.2,:,:,:,:,:,:,:
Thu Nov 14 2024 02:00:00 GMT+0200 (Eastern European Standard Time),2014-11,,61,56.1,55.9,60.7,60,69.5,60.8,43.8,69.8,58.7,:,:,:,:,:,:,:
Sat Dec 14 2024 02:00:00 GMT+0200 (Eastern European Standard Time),2014-12,,65.7,70.2,70.4,67.5,60.8,75.4,61.8,37,67.5,65.1,:,:,:,:,:,:,:
Mon Jan 15 2024 02:00:00 GMT+0200 (Eastern European Standard Time),2015-01,,49.9,52.9,52.5,59.6,45.1,67,45.8,24.4,54.3,48.7,:,:,:,:,:,:,:
Thu Feb 15 2024 02:00:00 GMT+0200 (Eastern European Standard Time),2015-02,,49.3,51.4,51,57.8,44,66.5,44.1,24,56.7,47.4,:,:,:,:,:,:,:
Fri Mar 15 2024 02:00:00 GMT+0200 (Eastern European Standard Time),2015-03,,56.5,58.5,58.2,65.1,50.6,74.6,51.5,25.2,65,54.3,:,:,:,:,:,:,:
Mon Apr 15 2024 02:00:00 GMT+0300 (Eastern European Summer Time),2015-04,,60.7,62.2,61.7,70,53.3,79.6,54.5,26.3,73.3,57.3,:,:,:,:,:,:,:
Wed May 15 2024 02:00:00 GMT+0300 (Eastern European Summer Time),2015-05,,59.5,59.1,58.7,67.3,53.6,74.5,55.4,24.7,72.7,56.1,:,:,:,:,:,:,:
Sat Jun 15 2024 02:00:00 GMT+0300 (Eastern European Summer Time),2015-06,,62.3,66.4,66,73.3,54.5,77.6,55.6,28.3,71.4,59.9,:,:,:,:,:,:,:
Mon Jul 15 2024 02:00:00 GMT+0300 (Eastern European Summer Time),2015-07,,67.5,70.2,69.9,75.6,57,79.7,58.5,27.9,84.4,63.1,:,:,:,:,:,:,:
Thu Aug 15 2024 02:00:00 GMT+0300 (Eastern European Summer Time),2015-08,,68.6,73.6,73.5,75.5,57.9,80.3,59.9,28.5,82.3,65.1,:,:,:,:,:,:,:
Sun Sep 15 2024 02:00:00 GMT+0300 (Eastern European Summer Time),2015-09,,68,69.9,69.5,78.1,61,84.3,62.5,31.9,79.2,65.1,:,:,:,:,:,:,:
Tue Oct 15 2024 02:00:00 GMT+0300 (Eastern European Summer Time),2015-10,,69,71.6,71.2,78.9,59.7,82.5,61.4,30.8,84,65.1,:,:,:,:,:,:,:
Fri Nov 15 2024 02:00:00 GMT+0200 (Eastern European Standard Time),2015-11,,69.6,71.4,71.1,77.4,64.3,78.4,63,57.3,77.5,67.6,:,:,:,:,:,:,:
Sun Dec 15 2024 02:00:00 GMT+0200 (Eastern European Standard Time),2015-12,,75.9,88.2,88.2,86.6,68.4,86,68.8,47.4,70.1,77.4,:,:,:,:,:,:,:
Tue Jan 16 2024 02:00:00 GMT+0200 (Eastern European Standard Time),2016-01,,57.4,67.3,67.1,72.2,49.3,67,50.9,25.4,56.9,57.5,:,:,:,:,:,:,:
Fri Feb 16 2024 02:00:00 GMT+0200 (Eastern European Standard Time),2016-02,,59.6,67.3,66.9,75.9,52.6,72.4,53.5,30.7,60.8,59.3,:,:,:,:,:,:,:
Sat Mar 16 2024 02:00:00 GMT+0200 (Eastern European Standard Time),2016-03,,66.9,73.2,72.6,84.1,58.4,84.4,59.1,34,73.7,65.2,:,:,:,:,:,:,:
Tue Apr 16 2024 02:00:00 GMT+0300 (Eastern European Summer Time),2016-04,,71.7,80.3,79.8,89.9,61.5,87.9,63.1,32.8,77.6,70.1,:,:,:,:,:,:,:
Thu May 16 2024 02:00:00 GMT+0300 (Eastern European Summer Time),2016-05,,68.3,71,70.2,84.5,60.2,84.3,61.3,35.8,80.4,65.1,:,:,:,:,:,:,:
Sun Jun 16 2024 02:00:00 GMT+0300 (Eastern European Summer Time),2016-06,,71.6,75.6,75,87.4,62.7,90.4,63.6,36.3,82.9,68.6,:,:,:,:,:,:,:
Tue Jul 16 2024 02:00:00 GMT+0300 (Eastern European Summer Time),2016-07,,74.8,77.6,77,87.9,63.8,91.7,64.9,37.2,92.9,70.1,:,:,:,:,:,:,:
Fri Aug 16 2024 02:00:00 GMT+0300 (Eastern European Summer Time),2016-08,,76.6,78,77.4,89,67.3,97.8,68.6,38.9,93.5,72.2,:,:,:,:,:,:,:
Mon Sep 16 2024 02:00:00 GMT+0300 (Eastern European Summer Time),2016-09,,74.1,74.3,73.5,88.4,66.3,93.6,67.2,41.1,89.8,70,:,:,:,:,:,:,:
Wed Oct 16 2024 02:00:00 GMT+0300 (Eastern European Summer Time),2016-10,,73.6,75.9,74.9,93.6,67.3,92.1,68.4,41.6,82.9,71.2,:,:,:,:,:,:,:
Sat Nov 16 2024 02:00:00 GMT+0200 (Eastern European Standard Time),2016-11,,76.1,76,75,93.1,74.2,94.5,70.4,81.3,80,75,:,:,:,:,:,:,:
Mon Dec 16 2024 02:00:00 GMT+0200 (Eastern European Standard Time),2016-12,,79.8,87.8,87,101.3,75.5,104.5,74.4,61.8,75,81.1,:,:,:,:,:,:,:
Wed Jan 17 2024 02:00:00 GMT+0200 (Eastern European Standard Time),2017-01,,60.9,67.8,67.1,80.2,52.9,64.3,54.5,32,65.4,59.7,:,:,:,:,:,:,:
Sat Feb 17 2024 02:00:00 GMT+0200 (Eastern European Standard Time),2017-02,,62.8,68,67.4,77.7,56.5,67.8,57.2,41.4,66.6,61.7,:,:,:,:,:,:,:
Sun Mar 17 2024 02:00:00 GMT+0200 (Eastern European Standard Time),2017-03,,73.3,75.3,74.8,84.1,66.9,87.8,67.7,44.4,83.3,70.7,:,:,:,:,:,:,:
Wed Apr 17 2024 02:00:00 GMT+0300 (Eastern European Summer Time),2017-04,,75,80.2,79.5,92.6,67.2,83.5,68.5,47.5,82.2,73.1,:,:,:,:,:,:,:
Fri May 17 2024 02:00:00 GMT+0300 (Eastern European Summer Time),2017-05,,78.2,80.3,79.3,98.1,70.4,92.4,71.6,45.6,90.6,74.9,:,:,:,:,:,:,:
Mon Jun 17 2024 02:00:00 GMT+0300 (Eastern European Summer Time),2017-06,,76.8,77.4,76.6,92.4,69.3,92.5,71.4,40.8,91.2,73,:,:,:,:,:,:,:
Wed Jul 17 2024 02:00:00 GMT+0300 (Eastern European Summer Time),2017-07,,82.6,82.5,82.1,91.1,73.2,98.3,74,46.3,101.9,77.5,:,:,:,:,:,:,:
Sat Aug 17 2024 02:00:00 GMT+0300 (Eastern European Summer Time),2017-08,,88.6,86.9,86.5,95.3,79.3,115.5,77.5,62.9,110.7,82.8,:,:,:,:,:,:,:
Tue Sep 17 2024 02:00:00 GMT+0300 (Eastern European Summer Time),2017-09,,84.4,82.5,81.8,95.4,78.5,114.7,79.7,49.4,99.9,80.4,:,:,:,:,:,:,:
Thu Oct 17 2024 02:00:00 GMT+0300 (Eastern European Summer Time),2017-10,,83.7,82.1,81.4,94.9,79.9,106,80.9,54.2,94.3,80.9,:,:,:,:,:,:,:
Sun Nov 17 2024 02:00:00 GMT+0200 (Eastern European Standard Time),2017-11,,85.3,83.7,83,96,83.9,100.3,81.1,85.5,91,83.8,:,:,:,:,:,:,:
Tue Dec 17 2024 02:00:00 GMT+0200 (Eastern European Standard Time),2017-12,,90.5,96.8,96.9,95.7,87.5,102,87.5,74,85.9,91.8,:,:,:,:,:,:,:
Thu Jan 18 2024 02:00:00 GMT+0200 (Eastern European Standard Time),2018-01,,68.1,73.6,72.7,88.9,62.2,66.1,61.9,53.3,70.7,67.4,:,:,:,:,:,:,:
Sun Feb 18 2024 02:00:00 GMT+0200 (Eastern European Standard Time),2018-02,,65.7,73.4,72.7,85.7,58.9,57.8,59.3,47.9,66.2,65.5,:,:,:,:,:,:,:
Mon Mar 18 2024 02:00:00 GMT+0200 (Eastern European Standard Time),2018-03,,75.9,84.1,83.1,102.5,68.3,74.1,68.9,53.1,77.4,75.6,:,:,:,:,:,:,:
Thu Apr 18 2024 02:00:00 GMT+0300 (Eastern European Summer Time),2018-04,,79.9,82.3,81.4,98.5,72.2,82.5,74.3,47.5,91.4,76.8,:,:,:,:,:,:,:
Sat May 18 2024 02:00:00 GMT+0300 (Eastern European Summer Time),2018-05,,83.1,83.7,82.4,106,74.8,91.8,75.9,50.8,99.1,78.9,:,:,:,:,:,:,:
Tue Jun 18 2024 02:00:00 GMT+0300 (Eastern European Summer Time),2018-06,,82.5,83.7,82.8,99.9,75.2,91.6,76.2,52.8,95.6,79,:,:,:,:,:,:,:
Thu Jul 18 2024 02:00:00 GMT+0300 (Eastern European Summer Time),2018-07,,87,87.4,86.6,100.9,78.6,92.7,79.9,54.9,103.8,82.6,:,:,:,:,:,:,:
Sun Aug 18 2024 02:00:00 GMT+0300 (Eastern European Summer Time),2018-08,,89.9,92.4,92.2,95.8,82.2,108.5,83.7,51.3,101.6,86.8,:,:,:,:,:,:,:
Wed Sep 18 2024 02:00:00 GMT+0300 (Eastern European Summer Time),2018-09,#REF!,86.7,86.3,85.5,100,79.7,101.2,80.2,56.9,101.8,82.7,:,:,:,:,:,:,:
Fri Oct 18 2024 02:00:00 GMT+0300 (Eastern European Summer Time),2018-10,#REF!,89.2,86.7,85.7,104.5,83.8,99.3,84.7,60.8,104.7,85.1,:,:,:,:,:,:,:
Mon Nov 18 2024 02:00:00 GMT+0200 (Eastern European Standard Time),2018-11,,91.3,87.9,86.7,109.1,91.3,98.7,84.7,121.1,97.1,89.7,:,:,:,:,:,:,:
Wed Dec 18 2024 02:00:00 GMT+0200 (Eastern European Standard Time),2018-12,,94.2,101.4,100.8,112.4,91.1,95.7,91.8,79,88.1,95.8,:,:,:,:,:,:,:
Fri Jan 19 2024 02:00:00 GMT+0200 (Eastern European Standard Time),2019-01,,73.2,77.5,77.7,72.3,68.6,68.6,69.3,60.3,75.2,72.6,:,:,:,:,:,:,:
Mon Feb 19 2024 02:00:00 GMT+0200 (Eastern European Standard Time),2019-02,,71.8,76.3,76.5,72.1,66.6,68.6,67.8,53.1,74.6,71,:,:,:,:,:,:,:
Tue Mar 19 2024 02:00:00 GMT+0200 (Eastern European Standard Time),2019-03,,82.6,84.7,85,79,76.4,79.8,78.8,56,91.7,80.2,:,:,:,:,:,:,:
Fri Apr 19 2024 02:00:00 GMT+0300 (Eastern European Summer Time),2019-04,,85.7,90.5,90.8,84.3,77.7,86.4,80.8,51.3,93.8,83.5,:,:,:,:,:,:,:
Sun May 19 2024 02:00:00 GMT+0300 (Eastern European Summer Time),2019-05,,86.4,87.1,87.4,82.2,81.2,94.1,84,53.8,96.1,83.9,:,:,:,:,:,:,:
Wed Jun 19 2024 02:00:00 GMT+0300 (Eastern European Summer Time),2019-06,,86.6,87.6,87.9,80.8,81.1,88.1,84.5,55,96.4,84.1,:,:,:,:,:,:,:
Fri Jul 19 2024 02:00:00 GMT+0300 (Eastern European Summer Time),2019-07,,93.8,92.5,92.8,87.3,85.3,97.5,88.3,57.8,113.7,88.6,:,:,:,:,:,:,:
Mon Aug 19 2024 02:00:00 GMT+0300 (Eastern European Summer Time),2019-08,,95.9,97,97.4,88.9,85.5,98.8,89,55.6,115.4,90.8,:,:,:,:,:,:,:
Thu Sep 19 2024 02:00:00 GMT+0300 (Eastern European Summer Time),2019-09,,93.5,92,92.2,87.7,87.1,94.9,90.2,60.8,109.3,89.3,:,:,:,:,:,:,:
Sat Oct 19 2024 02:00:00 GMT+0300 (Eastern European Summer Time),2019-10,,95.3,93.7,93.9,89.8,88.9,92.3,91.7,66.2,111.2,91.1,:,:,:,:,:,:,:
Tue Nov 19 2024 02:00:00 GMT+0200 (Eastern European Standard Time),2019-11,,97.3,94.2,94.6,87.9,99.1,92.9,95.7,121.1,98.9,96.9,:,:,:,:,:,:,:
Thu Dec 19 2024 02:00:00 GMT+0200 (Eastern European Standard Time),2019-12,,102.9,110.9,111.3,104.3,101.2,103.5,103,87.7,92.6,105.6,:,:,:,:,:,:,:
Sat Jan 20 2024 02:00:00 GMT+0200 (Eastern European Standard Time),2020-01,,81.3,85.5,85.2,90.8,76.7,79.8,78.1,64.5,83.8,80.7,:,:,:,:,:,:,:
Tue Feb 20 2024 02:00:00 GMT+0200 (Eastern European Standard Time),2020-02,,81.7,88.5,88.5,86.9,75.6,73.9,77.8,59.9,82.5,81.5,:,:,:,:,:,:,:
Wed Mar 20 2024 02:00:00 GMT+0200 (Eastern European Standard Time),2020-03,,86,99.6,100.3,87.8,75.3,79.7,75.4,71.2,84.2,86.4,:,:,:,:,:,:,:
Sat Apr 20 2024 02:00:00 GMT+0300 (Eastern European Summer Time),2020-04,,69,86.2,86.6,79.9,60,65.8,54.6,90.2,57.8,72,:,:,:,:,:,:,:
Mon May 20 2024 02:00:00 GMT+0300 (Eastern European Summer Time),2020-05,,81.7,91.2,91.4,87,77.1,86.9,74.3,89.4,74.8,83.5,:,:,:,:,:,:,:
Thu Jun 20 2024 02:00:00 GMT+0300 (Eastern European Summer Time),2020-06,,89.1,90.7,90.7,92,88.3,95,88.6,83.9,87.9,89.4,:,:,:,:,:,:,:
Sat Jul 20 2024 02:00:00 GMT+0300 (Eastern European Summer Time),2020-07,,98.6,96.8,97,93,94.7,105.8,95.2,85.4,109.5,95.7,:,:,:,:,:,:,:
Tue Aug 20 2024 02:00:00 GMT+0300 (Eastern European Summer Time),2020-08,,97.4,97.5,97.9,88.7,92.3,110.9,92.6,80,108,94.6,:,:,:,:,:,:,:
Fri Sep 20 2024 02:00:00 GMT+0300 (Eastern European Summer Time),2020-09,,97.9,94.6,94.5,95.8,97.4,115,97.4,87.7,104.7,96.1,:,:,:,:,:,:,:
Sun Oct 20 2024 02:00:00 GMT+0300 (Eastern European Summer Time),2020-10,,99.1,98.1,98.2,96.6,100.5,111.7,100.6,92.4,97.9,99.4,:,:,:,:,:,:,:
Wed Nov 20 2024 02:00:00 GMT+0200 (Eastern European Standard Time),2020-11,,100.6,96.2,96.2,96.2,108.7,95.2,101.6,160.7,91.6,103,:,:,:,:,:,:,:
Fri Dec 20 2024 02:00:00 GMT+0200 (Eastern European Standard Time),2020-12,,106.5,112.8,113.8,94.3,107.7,100,106,122.5,92.8,110,:,:,:,:,:,:,:
Sun Jan 21 2024 02:00:00 GMT+0200 (Eastern European Standard Time),2021-01,,82.8,86.8,86.9,86.7,81.1,76,80.2,87.7,78.9,83.8,86,91.3,73.1,84.1,84.2,77,87.2
Wed Feb 21 2024 02:00:00 GMT+0200 (Eastern European Standard Time),2021-02,,83.2,89.3,89.4,88.3,81.6,78.6,81.4,83.8,75,85.2,88.5,90.8,75.1,80.7,85.3,83.3,83.9
Thu Mar 21 2024 02:00:00 GMT+0200 (Eastern European Standard Time),2021-03,,94.2,97.4,97.4,96.9,92.1,93.2,92,91.7,92.6,94.6,97.1,90.8,87.9,84.2,95.9,93.2,92.1
Sun Apr 21 2024 02:00:00 GMT+0300 (Eastern European Summer Time),2021-04,,99.1,104.3,104.2,105.9,98.5,100.6,98.3,97.1,90.3,101.2,103.9,87,101.1,101.2,96.5,103.5,98.8
Tue May 21 2024 02:00:00 GMT+0300 (Eastern European Summer Time),2021-05,,96.6,93,92.7,98.2,98.3,111.3,98.6,92.4,99.9,95.8,94.2,86,99.8,96.8,98.2,113,91.7
Fri Jun 21 2024 02:00:00 GMT+0300 (Eastern European Summer Time),2021-06,,99.6,96.8,96.5,102.4,100.4,104.8,102,90.9,103.4,98.7,97.2,87.3,104.5,94.2,101.9,107.5,91.5
Sun Jul 21 2024 02:00:00 GMT+0300 (Eastern European Summer Time),2021-07,,106.7,103.7,103.7,103.1,103.3,109.6,106.4,86.6,120.1,103.5,104.2,97.4,112.4,96.7,103.8,108.9,87.7
Wed Aug 21 2024 02:00:00 GMT+0300 (Eastern European Summer Time),2021-08,,108,105.5,105.7,101.8,105.7,113.2,108.9,87.8,117.6,105.6,106.3,96.9,119.1,107.4,102.6,110.5,88.9
Sat Sep 21 2024 02:00:00 GMT+0300 (Eastern European Summer Time),2021-09,,106.3,104,104.2,101.9,106.8,112.4,110,88.5,109.3,105.5,104.8,100.9,111.7,111.6,109.2,105.5,90.7
Mon Oct 21 2024 02:00:00 GMT+0300 (Eastern European Summer Time),2021-10,,103,100.5,100.6,98.8,103.9,106.4,105.5,95,105.7,102.3,101,111.3,107.5,91.9,105.6,105.8,96.2
Thu Nov 21 2024 02:00:00 GMT+0200 (Eastern European Standard Time),2021-11,,106.2,99.6,99.4,102,112.4,95.5,102.1,169.7,105.5,106.4,99.1,117.6,104.6,103,99.6,94.8,163.5
Sat Dec 21 2024 02:00:00 GMT+0200 (Eastern European Standard Time),2021-12,5.6,114.3,119.1,119.4,113.9,115.8,98.5,114.6,128.8,101.7,117.3,117.7,142.8,103.2,148.3,117.3,96.9,128
Mon Jan 22 2024 02:00:00 GMT+0200 (Eastern European Standard Time),2022-01,,87.9,89.6,89.6,88.7,86.6,74.6,86.4,91.8,87.5,88,88.4,94,72.9,89.6,94.3,117.6,92.6
Thu Feb 22 2024 02:00:00 GMT+0200 (Eastern European Standard Time),2022-02,,88.1,88.6,88.5,90.5,87.5,79.2,88,86,88.3,88,87.8,89.5,76.4,92.8,94.3,134.8,88.6
Fri Mar 22 2024 02:00:00 GMT+0200 (Eastern European Standard Time),2022-03,5.9,99.5,101.3,101.4,98.7,100.2,92.5,102.7,89.3,94.8,100.7,100.7,93.9,92.9,103.8,108.3,168.9,92.7
Mon Apr 22 2024 02:00:00 GMT+0300 (Eastern European Summer Time),2022-04,,102.4,102.6,102.5,105.8,102.9,97.7,107,85.1,100.6,102.8,102.1,92.1,96.9,122.5,111.5,164.3,87.7
Wed May 22 2024 02:00:00 GMT+0300 (Eastern European Summer Time),2022-05,,104.4,100.1,100,102.1,105.8,105,109.3,88.5,109.6,103.2,100.4,96.9,105.7,111.4,110.9,166,91.2
Sat Jun 22 2024 02:00:00 GMT+0300 (Eastern European Summer Time),2022-06,4.9,103,99.9,99.9,98.5,102.1,100.3,105.7,83.6,111.1,101.1,100,96.7,101.4,107.3,107.8,158,87.2
Mon Jul 22 2024 02:00:00 GMT+0300 (Eastern European Summer Time),2022-07,,110,107.5,107.8,101.5,105.3,106.9,109.1,85.6,125.2,106.3,107.7,84.3,111.2,112,108.1,133.9,88.5
Thu Aug 22 2024 02:00:00 GMT+0300 (Eastern European Summer Time),2022-08,,113,110.1,110.5,103.8,109.2,105.9,114.5,82.9,127,109.6,110.1,90.7,117.8,132.1,110.8,133.9,88
Sun Sep 22 2024 02:00:00 GMT+0300 (Eastern European Summer Time),2022-09,3.4,108.8,101.1,101,103.2,108.5,102.9,113.6,84.9,124.5,105,101.1,100.8,111.1,130,113.8,125,88.8
Tue Oct 22 2024 02:00:00 GMT+0300 (Eastern European Summer Time),2022-10,,107.5,102,101.8,105.4,105.6,100.9,109.6,86.7,122.3,103.9,101.7,97.4,108.4,102.5,111.8,120.6,90.3
Fri Nov 22 2024 02:00:00 GMT+0200 (Eastern European Standard Time),2022-11,,110.7,100.1,100.1,101.1,120,95,115.2,153.2,110.7,110.7,99.6,102.7,116,125.3,114,112.8,151
Sun Dec 22 2024 02:00:00 GMT+0200 (Eastern European Standard Time),2022-12,4,118.3,118,118.1,117,120.6,99.5,123.5,115.9,113.8,119.4,116.6,126.1,104.8,163.9,131.2,129.1,117.1
Tue Jan 23 2024 02:00:00 GMT+0200 (Eastern European Standard Time),2023-01,,91.9,93.5,93.1,102.7,93.4,69.9,98.1,82.5,85.4,93.5,91.2,100,78,109.6,111.1,85.4,82.9
Fri Feb 23 2024 02:00:00 GMT+0200 (Eastern European Standard Time),2023-02,,90.3,95.1,94.4,108.1,88.2,68.1,91.8,79.3,85.4,91.4,92.3,102.1,74,107.2,101.9,84.4,81.5
Sat Mar 23 2024 02:00:00 GMT+0200 (Eastern European Standard Time),2023-03,4.8,106.4,110.8,110.4,118.8,105.6,82,111.1,89.9,99.7,108,108.1,101.5,94.9,112.4,123.3,95.4,91.7
Tue Apr 23 2024 02:00:00 GMT+0300 (Eastern European Summer Time),2023-04,,100.5,104.1,103.2,122.8,100.8,78.1,107.2,81.5,93,102.4,101.2,93.6,90.9,120,118,97.6,82.8
Thu May 23 2024 02:00:00 GMT+0300 (Eastern European Summer Time),2023-05,,107.3,102.4,101.5,119.6,109.8,95.4,115.8,86.8,110.9,106.4,101.1,100.5,103,114,125.6,122.5,90.5
Sun Jun 23 2024 02:00:00 GMT+0300 (Eastern European Summer Time),2023-06,0.7,104.2,101.1,100.4,116.1,105.5,90.2,111.8,81.9,107.4,103.5,99.6,98,98.6,102.5,123.1,109.9,84.9
Tue Jul 23 2024 02:00:00 GMT+0300 (Eastern European Summer Time),2023-07,,110.5,106.8,106.3,115,109.9,93.4,116.7,83.5,119.3,108.4,105.3,94.9,109.7,106.4,124.3,111.1,87.3
Fri Aug 23 2024 02:00:00 GMT+0300 (Eastern European Summer Time),2023-08,,112.9,112.2,111.7,120.4,108.5,100.6,114.4,84,124.1,110.2,110.8,95.2,114.1,123,114.5,115.3,86.7
Mon Sep 23 2024 02:00:00 GMT+0300 (Eastern European Summer Time),2023-09,-0.3,107.4,103.9,103.3,114,108.1,95,113.2,89.5,113,106.1,102.7,91.1,106,137.3,116.5,113.1,91.5
Wed Oct 23 2024 02:00:00 GMT+0300 (Eastern European Summer Time),2023-10,,109.2,106,105.7,111.8,109.9,95.4,115.1,92.4,113.9,108.1,104.8,113.2,108.6,111.4,120.5,102.5,93.6
Sat Nov 23 2024 02:00:00 GMT+0200 (Eastern European Standard Time),2023-11,,114.5,104.1,103.7,112.2,127.9,92.2,124.8,161,104.9,116.8,102.7,116.7,122.6,131.3,126.5,101.9,156.3
Mon Dec 23 2024 02:00:00 GMT+0200 (Eastern European Standard Time),2023-12,1.6,118.3,123.4,122.7,138.2,121.8,102.7,125.7,115.5,100.9,122.5,121.1,129.1,103.1,158.9,137.8,102.4,112.7
Wed Jan 24 2024 02:00:00 GMT+0200 (Eastern European Standard Time),2024-01,,98.7,97.8,97.2,109.1,104.8,90.3,108.5,94,87.1,101.6,96.7,90.2,78.7,104,131.5,94.5,95.1
Sat Feb 24 2024 02:00:00 GMT+0200 (Eastern European Standard Time),2024-02,,99.9,98.5,97.5,117.8,105.3,92.2,109.9,89.5,90.7,102.2,97.1,90.4,82.8,104.4,130.9,101.9,91.3
Sun Mar 24 2024 02:00:00 GMT+0200 (Eastern European Standard Time),2024-03,6.4,108.5,108.3,107.3,128.5,112.5,100.8,118.2,92,100,110.5,106.7,84.8,96,109.7,137,105.5,93
Wed Apr 24 2024 02:00:00 GMT+0300 (Eastern European Summer Time),2024-04,,115.3,110.7,109.6,133.2,123.1,115.9,127.6,105.2,106.7,117.4,110.1,88.7,110.5,122.7,142.6,120.4,107.1
Fri May 24 2024 02:00:00 GMT+0300 (Eastern European Summer Time),2024-05,,113,108.3,107.1,132.2,117.7,120.9,121,100.6,111.5,113.3,108.2,81.2,97.1,115.2,141.1,103.3,102.6
Mon Jun 24 2024 02:00:00 GMT+0300 (Eastern European Summer Time),2024-06,9.8,114.2,107.7,106.2,131.2,118.2,121.6,122.6,96,117.7,113.1,107.4,84.6,101.4,112.1,141.5,104.1,97.2
Wed Jul 24 2024 02:00:00 GMT+0300 (Eastern European Summer Time),2024-07,,119.5,111.9,,,125.8,,,,120,,,,,,,,
Sat Aug 24 2024 02:00:00 GMT+0300 (Eastern European Summer Time),2024-08,,,,,,,,,,,,,,,,,,
Tue Sep 24 2024 02:00:00 GMT+0300 (Eastern European Summer Time),2024-09,8.4,,,,,,,,,,,,,,,,,
Thu Oct 24 2024 02:00:00 GMT+0300 (Eastern European Summer Time),2024-10,,,,,,,,,,,,,,,,,,
Sun Nov 24 2024 02:00:00 GMT+0200 (Eastern European Standard Time),2024-11,,,,,,,,,,,,,,,,,,
Tue Dec 24 2024 02:00:00 GMT+0200 (Eastern European Standard Time),2024-12,,,,,,,,,,,,,,,,,,
Thu Jan 25 2024 02:00:00 GMT+0200 (Eastern European Standard Time),2025-01,,,,,,,,,,,,,,,,,,
Sun Feb 25 2024 02:00:00 GMT+0200 (Eastern European Standard Time),2025-02,,,,,,,,,,,,,,,,,,
Mon Mar 25 2024 02:00:00 GMT+0200 (Eastern European Standard Time),2025-03,,,,,,,,,,,,,,,,,,
Thu Apr 25 2024 02:00:00 GMT+0300 (Eastern European Summer Time),2025-04,,,,,,,,,,,,,,,,,,
Sat May 25 2024 02:00:00 GMT+0300 (Eastern European Summer Time),2025-05,,,,,,,,,,,,,,,,,,
Tue Jun 25 2024 02:00:00 GMT+0300 (Eastern European Summer Time),2025-06,,,,,,,,,,,,,,,,,,
Thu Jul 25 2024 02:00:00 GMT+0300 (Eastern European Summer Time),2025-07,,,,,,,,,,,,,,,,,,
Sun Aug 25 2024 02:00:00 GMT+0300 (Eastern European Summer Time),2025-08,,,,,,,,,,,,,,,,,,
Wed Sep 25 2024 02:00:00 GMT+0300 (Eastern European Summer Time),2025-09,,,,,,,,,,,,,,,,,,
Fri Oct 25 2024 02:00:00 GMT+0300 (Eastern European Summer Time),2025-10,,,,,,,,,,,,,,,,,,
Mon Nov 25 2024 02:00:00 GMT+0200 (Eastern European Standard Time),2025-11,,,,,,,,,,,,,,,,,,
Wed Dec 25 2024 02:00:00 GMT+0200 (Eastern European Standard Time),2025-12,,,,,,,,,,,,,,,,,,
Fri Jan 26 2024 02:00:00 GMT+0200 (Eastern European Standard Time),2026-01,,,,,,,,,,,,,,,,,,
Mon Feb 26 2024 02:00:00 GMT+0200 (Eastern European Standard Time),2026-02,,,,,,,,,,,,,,,,,,
Tue Mar 26 2024 02:00:00 GMT+0200 (Eastern European Standard Time),2026-03,,,,,,,,,,,,,,,,,,
Fri Apr 26 2024 02:00:00 GMT+0300 (Eastern European Summer Time),2026-04,,,,,,,,,,,,,,,,,,
Sun May 26 2024 02:00:00 GMT+0300 (Eastern European Summer Time),2026-05,,,,,,,,,,,,,,,,,,
Wed Jun 26 2024 02:00:00 GMT+0300 (Eastern European Summer Time),2026-06,,,,,,,,,,,,,,,,,,
Fri Jul 26 2024 02:00:00 GMT+0300 (Eastern European Summer Time),2026-07,,,,,,,,,,,,,,,,,,
Mon Aug 26 2024 02:00:00 GMT+0300 (Eastern European Summer Time),2026-08,,,,,,,,,,,,,,,,,,
Thu Sep 26 2024 02:00:00 GMT+0300 (Eastern European Summer Time),2026-09,,,,,,,,,,,,,,,,,,
Sat Oct 26 2024 02:00:00 GMT+0300 (Eastern European Summer Time),2026-10,,,,,,,,,,,,,,,,,,
Tue Nov 26 2024 02:00:00 GMT+0200 (Eastern European Standard Time),2026-11,,,,,,,,,,,,,,,,,,
Thu Dec 26 2024 02:00:00 GMT+0200 (Eastern European Standard Time),2026-12,,,,,,,,,,,,,,,,,,