CNS105N - Indices of construction works - working day adjusted series and seasonally adjusted series - base year 2021,Date,INDEX (2021 av. = 100),Total,New construction,Capital repair works,Current repair works,Residential buildings,Non residential buildings,Civil engineering,Building
Fri Jan 05 2024 02:00:00 GMT+0200 (Eastern European Standard Time),2005-01,,50.1,40.7,83.2,76.5,17.3,52.8,69.3,34.4
Mon Feb 05 2024 02:00:00 GMT+0200 (Eastern European Standard Time),2005-02,,47.8,40.7,73.3,63,19.2,40.4,69.3,30.6
Tue Mar 05 2024 02:00:00 GMT+0200 (Eastern European Standard Time),2005-03,,46.5,40.3,66.3,56.1,20.8,41.8,62.7,32.1
Fri Apr 05 2024 02:00:00 GMT+0300 (Eastern European Summer Time),2005-04,,48.4,43.5,67.7,55.1,25.2,41.7,64.3,34.8
Sun May 05 2024 02:00:00 GMT+0300 (Eastern European Summer Time),2005-05,,48.2,41,76.8,52.9,28,40.8,60.8,35.9
Wed Jun 05 2024 02:00:00 GMT+0300 (Eastern European Summer Time),2005-06,,50.3,42.7,67,63,28.6,41.9,65.9,36.5
Fri Jul 05 2024 02:00:00 GMT+0300 (Eastern European Summer Time),2005-07,,50.1,44.7,67.8,61.3,28.1,41.2,67.7,34.7
Mon Aug 05 2024 02:00:00 GMT+0300 (Eastern European Summer Time),2005-08,,50.8,46.6,67.9,59.7,26.4,39.2,70.9,33.3
Thu Sep 05 2024 02:00:00 GMT+0300 (Eastern European Summer Time),2005-09,,50.8,46.5,65.3,60.1,22.7,41.6,73.6,31.8
Sat Oct 05 2024 02:00:00 GMT+0300 (Eastern European Summer Time),2005-10,,60.5,67.2,70.1,59.4,62.4,44.1,72.3,58.7
Tue Nov 05 2024 02:00:00 GMT+0200 (Eastern European Standard Time),2005-11,,52.5,51.2,69.3,45.1,31.6,42.6,67.9,38.7
Thu Dec 05 2024 02:00:00 GMT+0200 (Eastern European Standard Time),2005-12,,51.8,51,61.7,38.4,27.5,43.5,67.4,36.6
Sat Jan 06 2024 02:00:00 GMT+0200 (Eastern European Standard Time),2006-01,,55.5,57,70.8,51.2,24.6,38.6,84.4,32.9
Tue Feb 06 2024 02:00:00 GMT+0200 (Eastern European Standard Time),2006-02,,54.4,53.2,90.1,45.8,16.7,49.4,83,32.9
Wed Mar 06 2024 02:00:00 GMT+0200 (Eastern European Standard Time),2006-03,,56.7,50.5,85.5,62.1,22.1,46.1,84.4,34.9
Sat Apr 06 2024 02:00:00 GMT+0300 (Eastern European Summer Time),2006-04,,53.6,48.6,85.2,56.7,24.6,47.8,74.2,37.1
Mon May 06 2024 02:00:00 GMT+0300 (Eastern European Summer Time),2006-05,,55.6,52,60.3,60.4,22.1,44.8,81.5,34.1
Thu Jun 06 2024 02:00:00 GMT+0300 (Eastern European Summer Time),2006-06,,59.7,53.2,64.6,72.7,23.2,55.2,84,39
Sat Jul 06 2024 02:00:00 GMT+0300 (Eastern European Summer Time),2006-07,,60.8,56.4,87.9,66.5,25.1,56.7,86.2,39.6
Tue Aug 06 2024 02:00:00 GMT+0300 (Eastern European Summer Time),2006-08,,63.7,57.1,85,79.5,22.6,56.6,93.6,38.5
Fri Sep 06 2024 02:00:00 GMT+0300 (Eastern European Summer Time),2006-09,,63.2,59.3,112.6,59.6,25.1,68.1,85.4,44.6
Sun Oct 06 2024 02:00:00 GMT+0300 (Eastern European Summer Time),2006-10,,58,57.8,76.9,66.5,26,57.9,86.1,41.7
Wed Nov 06 2024 02:00:00 GMT+0200 (Eastern European Standard Time),2006-11,,60.3,56.5,89.4,54.8,30,54.4,79.6,42.9
Fri Dec 06 2024 02:00:00 GMT+0200 (Eastern European Standard Time),2006-12,,62.9,56.4,84.2,61.9,24.5,62.7,84.4,43.4
Sun Jan 07 2024 02:00:00 GMT+0200 (Eastern European Standard Time),2007-01,,64,66,88.2,53,33,60,82.1,47.9
Wed Feb 07 2024 02:00:00 GMT+0200 (Eastern European Standard Time),2007-02,,73.1,72.9,78.2,75.5,40.8,72.8,87.7,59
Thu Mar 07 2024 02:00:00 GMT+0200 (Eastern European Standard Time),2007-03,,70.2,76.3,67.4,48.5,29.3,73.5,90.9,51.9
Sun Apr 07 2024 02:00:00 GMT+0300 (Eastern European Summer Time),2007-04,,79.6,82.3,100.1,63.9,41.4,66.7,108.4,56.4
Tue May 07 2024 02:00:00 GMT+0300 (Eastern European Summer Time),2007-05,,73.4,73.7,89.7,61.5,35.3,70.2,94.8,53.8
Fri Jun 07 2024 02:00:00 GMT+0300 (Eastern European Summer Time),2007-06,,68.8,73.3,76.7,47.8,40.1,48.6,94.7,46.7
Sun Jul 07 2024 02:00:00 GMT+0300 (Eastern European Summer Time),2007-07,,81.3,83.2,93.4,73.1,35.1,90.1,103.9,60
Wed Aug 07 2024 02:00:00 GMT+0300 (Eastern European Summer Time),2007-08,,79.7,83.2,93,67.1,49.8,71.3,99.9,61.5
Sat Sep 07 2024 02:00:00 GMT+0300 (Eastern European Summer Time),2007-09,,81.9,82.7,105.1,77.7,58.3,63.8,104.2,63.2
Mon Oct 07 2024 02:00:00 GMT+0300 (Eastern European Summer Time),2007-10,,86.5,92.7,136.4,61.5,57.1,81.1,111.4,71.4
Thu Nov 07 2024 02:00:00 GMT+0200 (Eastern European Standard Time),2007-11,,87.5,95.9,86.5,57.3,52.8,67.6,114.6,63.1
Sat Dec 07 2024 02:00:00 GMT+0200 (Eastern European Standard Time),2007-12,,83,86.9,94.4,54.5,62.6,60.4,97.7,65.9
Mon Jan 08 2024 02:00:00 GMT+0200 (Eastern European Standard Time),2008-01,,84.3,80.9,149.2,77.2,46.1,88.9,99,69.2
Thu Feb 08 2024 02:00:00 GMT+0200 (Eastern European Standard Time),2008-02,,92.8,87.6,169.3,85,55.1,88.5,113.1,75.4
Fri Mar 08 2024 02:00:00 GMT+0200 (Eastern European Standard Time),2008-03,,103.1,98.7,154.8,96.2,54.6,102.9,126.3,81
Mon Apr 08 2024 02:00:00 GMT+0300 (Eastern European Summer Time),2008-04,,101.7,94.2,133.9,112.3,57.4,96.1,124.3,79.9
Wed May 08 2024 02:00:00 GMT+0300 (Eastern European Summer Time),2008-05,,112,105.1,140.3,120.3,56.8,106,144.6,83.2
Sat Jun 08 2024 02:00:00 GMT+0300 (Eastern European Summer Time),2008-06,,95.9,94,126.8,87,58.9,94.3,114.3,78.4
Mon Jul 08 2024 02:00:00 GMT+0300 (Eastern European Summer Time),2008-07,,101.2,97.9,145.3,92.9,60.5,94.2,124.5,77.1
Thu Aug 08 2024 02:00:00 GMT+0300 (Eastern European Summer Time),2008-08,,106.7,103.7,170.1,95.1,76.7,102.1,122.5,91.1
Sun Sep 08 2024 02:00:00 GMT+0300 (Eastern European Summer Time),2008-09,,104.1,101.7,164.6,92.7,80.1,101.2,114.1,92.6
Tue Oct 08 2024 02:00:00 GMT+0300 (Eastern European Summer Time),2008-10,,97.9,102.4,117.5,86.3,75.3,105.7,105.5,93.7
Fri Nov 08 2024 02:00:00 GMT+0200 (Eastern European Standard Time),2008-11,,102,98.9,149.1,94.5,56.6,97.4,128.6,78.4
Sun Dec 08 2024 02:00:00 GMT+0200 (Eastern European Standard Time),2008-12,,93,89.7,106.6,89.4,63.8,77.2,110.8,74.1
Tue Jan 09 2024 02:00:00 GMT+0200 (Eastern European Standard Time),2009-01,,96.4,103.2,142.9,71.1,62.6,101.3,105.1,85.5
Fri Feb 09 2024 02:00:00 GMT+0200 (Eastern European Standard Time),2009-02,,98.7,99.5,152.5,74.9,66.7,102.3,99.9,89.8
Sat Mar 09 2024 02:00:00 GMT+0200 (Eastern European Standard Time),2009-03,,96.2,91,142.4,90,58.9,91.7,111,78.8
Tue Apr 09 2024 02:00:00 GMT+0300 (Eastern European Summer Time),2009-04,,86.5,88.2,94.7,73.2,52.8,86.9,95.9,73
Thu May 09 2024 02:00:00 GMT+0300 (Eastern European Summer Time),2009-05,,85.5,88.1,90,75,53.3,80.8,101.8,69.6
Sun Jun 09 2024 02:00:00 GMT+0300 (Eastern European Summer Time),2009-06,,88.7,89.8,106.4,80.5,63.5,83.5,102.9,76.1
Tue Jul 09 2024 02:00:00 GMT+0300 (Eastern European Summer Time),2009-07,,85,87.6,115.6,60.3,56.6,74.9,101,66.4
Fri Aug 09 2024 02:00:00 GMT+0300 (Eastern European Summer Time),2009-08,,81.9,83.6,100,69.3,46,77.7,104.4,61.6
Mon Sep 09 2024 02:00:00 GMT+0300 (Eastern European Summer Time),2009-09,,81.2,77,100.8,88.9,44.5,72.6,108,58.4
Wed Oct 09 2024 02:00:00 GMT+0300 (Eastern European Summer Time),2009-10,,74.1,75,92.8,69.4,39.8,73.1,96.7,57.1
Sat Nov 09 2024 02:00:00 GMT+0200 (Eastern European Standard Time),2009-11,,81.6,75.2,101,96.4,42.5,81.1,104,62.3
Mon Dec 09 2024 02:00:00 GMT+0200 (Eastern European Standard Time),2009-12,,82.3,72.6,94.9,106.9,37.4,70.5,116.3,54.6
Wed Jan 10 2024 02:00:00 GMT+0200 (Eastern European Standard Time),2010-01,,86.6,75.2,104.9,133.7,35.9,75.4,125.9,56.3
Sat Feb 10 2024 02:00:00 GMT+0200 (Eastern European Standard Time),2010-02,,72.7,61,85.7,102.6,26.1,61.5,108.9,45.1
Sun Mar 10 2024 02:00:00 GMT+0200 (Eastern European Standard Time),2010-03,,71.2,65.8,88.8,75.2,45.2,69.7,84.3,59.1
Wed Apr 10 2024 02:00:00 GMT+0300 (Eastern European Summer Time),2010-04,,73.5,67.1,105.4,76.3,36.8,63.5,100.6,51.3
Fri May 10 2024 02:00:00 GMT+0300 (Eastern European Summer Time),2010-05,,69.4,67,94.1,64.3,33.3,70.2,89.9,52.4
Mon Jun 10 2024 02:00:00 GMT+0300 (Eastern European Summer Time),2010-06,,82.7,79.8,139.9,76.4,52,76.8,109.3,63.7
Wed Jul 10 2024 02:00:00 GMT+0300 (Eastern European Summer Time),2010-07,,66.6,60.4,77.4,77,25.9,56,96.6,39.7
Sat Aug 10 2024 02:00:00 GMT+0300 (Eastern European Summer Time),2010-08,,68,62,99.8,70.2,27.7,65.2,93.3,45.4
Tue Sep 10 2024 02:00:00 GMT+0300 (Eastern European Summer Time),2010-09,,72.2,71.7,94.2,66.9,28.5,74.7,98.1,50.4
Thu Oct 10 2024 02:00:00 GMT+0300 (Eastern European Summer Time),2010-10,,73.5,64.7,90.3,96.5,25.5,63.6,109.3,44.4
Sun Nov 10 2024 02:00:00 GMT+0200 (Eastern European Standard Time),2010-11,,67.4,62.1,93.2,75.5,25.3,72.5,90,48.9
Tue Dec 10 2024 02:00:00 GMT+0200 (Eastern European Standard Time),2010-12,,78.8,71.1,121.8,88.7,30.1,78.4,109.1,54.6
Thu Jan 11 2024 02:00:00 GMT+0200 (Eastern European Standard Time),2011-01,,74.5,55.5,112,136.1,31.1,64,108,48.2
Sun Feb 11 2024 02:00:00 GMT+0200 (Eastern European Standard Time),2011-02,,71,65.5,118.6,66.7,30.6,71,93.4,52.4
Mon Mar 11 2024 02:00:00 GMT+0200 (Eastern European Standard Time),2011-03,,71.3,65.2,96.9,72,28.9,61.8,101,47
Thu Apr 11 2024 02:00:00 GMT+0300 (Eastern European Summer Time),2011-04,,70.5,64.1,116.1,69.2,25.2,66.1,100.1,46.5
Sat May 11 2024 02:00:00 GMT+0300 (Eastern European Summer Time),2011-05,,71.2,64.5,123.7,69.4,29,73.3,94.6,51.8
Tue Jun 11 2024 02:00:00 GMT+0300 (Eastern European Summer Time),2011-06,,77,73,104.4,83.7,29.1,84.6,104.6,56.4
Thu Jul 11 2024 02:00:00 GMT+0300 (Eastern European Summer Time),2011-07,,76.9,73.1,104.1,75.6,34.5,83.8,98.7,57.4
Sun Aug 11 2024 02:00:00 GMT+0300 (Eastern European Summer Time),2011-08,,70.9,64.6,104.8,73.1,29.9,82.4,89.2,54.9
Wed Sep 11 2024 02:00:00 GMT+0300 (Eastern European Summer Time),2011-09,,76.2,67.8,129.2,82.7,28.3,72.3,108.6,49.1
Fri Oct 11 2024 02:00:00 GMT+0300 (Eastern European Summer Time),2011-10,,78.2,77.8,106,75.5,28.3,67.9,115.3,48
Mon Nov 11 2024 02:00:00 GMT+0200 (Eastern European Standard Time),2011-11,,77.7,73.5,104.6,84.8,41.7,71,104.8,56.1
Wed Dec 11 2024 02:00:00 GMT+0200 (Eastern European Standard Time),2011-12,,80.7,77.4,111.9,86.7,36.8,72.9,115,54.6
Fri Jan 12 2024 02:00:00 GMT+0200 (Eastern European Standard Time),2012-01,,80.5,84,85.8,75.1,20.7,73.2,122.6,47.2
Mon Feb 12 2024 02:00:00 GMT+0200 (Eastern European Standard Time),2012-02,,80.7,82,75.8,69.4,19.5,54.8,132.4,39
Tue Mar 12 2024 02:00:00 GMT+0200 (Eastern European Standard Time),2012-03,,73.4,68.4,98.4,71.1,25.8,61.3,108,45.1
Fri Apr 12 2024 02:00:00 GMT+0300 (Eastern European Summer Time),2012-04,,82.6,81.3,101.3,74.6,26.7,73.3,122,50.8
Sun May 12 2024 02:00:00 GMT+0300 (Eastern European Summer Time),2012-05,,84.9,84.7,110.6,76.1,28.7,73.6,125,51.7
Wed Jun 12 2024 02:00:00 GMT+0300 (Eastern European Summer Time),2012-06,,75.8,73.6,112.5,73.1,29.2,73.6,107.1,51.1
Fri Jul 12 2024 02:00:00 GMT+0300 (Eastern European Summer Time),2012-07,,73.5,71.6,97.7,68.1,26.1,71.7,103.5,47.7
Mon Aug 12 2024 02:00:00 GMT+0300 (Eastern European Summer Time),2012-08,,75.6,74.9,101.1,66,23.2,70.5,110.3,46
Thu Sep 12 2024 02:00:00 GMT+0300 (Eastern European Summer Time),2012-09,,74,76.4,78.2,68.2,29.6,71.6,104.9,49.4
Sat Oct 12 2024 02:00:00 GMT+0300 (Eastern European Summer Time),2012-10,,73.4,71.2,122.1,66.4,33.5,77.9,95.8,55.7
Tue Nov 12 2024 02:00:00 GMT+0200 (Eastern European Standard Time),2012-11,,79.9,78.9,100.4,83.9,33.7,85.9,106.3,59.7
Thu Dec 12 2024 02:00:00 GMT+0200 (Eastern European Standard Time),2012-12,,73,71.8,104.7,73.5,26.3,97.2,90.5,61.6
Sat Jan 13 2024 02:00:00 GMT+0200 (Eastern European Standard Time),2013-01,,74.9,70,129.3,72,22.3,72.9,109.3,47.7
Tue Feb 13 2024 02:00:00 GMT+0200 (Eastern European Standard Time),2013-02,,76,63.7,143.6,82,31,59.5,113.2,46.7
Wed Mar 13 2024 02:00:00 GMT+0200 (Eastern European Standard Time),2013-03,,73.8,66.5,117.2,74.5,24.3,59.5,112.2,43.2
Sat Apr 13 2024 02:00:00 GMT+0300 (Eastern European Summer Time),2013-04,,72.5,62.5,117.4,81.3,23.6,67.7,104.3,46.3
Mon May 13 2024 02:00:00 GMT+0300 (Eastern European Summer Time),2013-05,,76.3,67.2,137.1,81.8,22.5,64.1,115.4,43.6
Thu Jun 13 2024 02:00:00 GMT+0300 (Eastern European Summer Time),2013-06,,77.5,70.3,128,83.3,26.4,76.2,109.3,51.2
Sat Jul 13 2024 02:00:00 GMT+0300 (Eastern European Summer Time),2013-07,,83.4,75.3,138,87,39.3,78.5,112.9,57.8
Tue Aug 13 2024 02:00:00 GMT+0300 (Eastern European Summer Time),2013-08,,82.6,75.2,134.8,88.5,34,68.6,121.9,50.3
Fri Sep 13 2024 02:00:00 GMT+0300 (Eastern European Summer Time),2013-09,,74.3,66.7,130.7,79.5,32.8,80.5,98.4,55.5
Sun Oct 13 2024 02:00:00 GMT+0300 (Eastern European Summer Time),2013-10,,78.2,73.4,119.3,82.6,25.6,74.3,111.7,50.1
Wed Nov 13 2024 02:00:00 GMT+0200 (Eastern European Standard Time),2013-11,,73.2,66.1,143.4,77.7,24.1,68,105.9,46.2
Fri Dec 13 2024 02:00:00 GMT+0200 (Eastern European Standard Time),2013-12,,69.7,64.9,113.1,76,35.5,63,96.8,48.9
Sun Jan 14 2024 02:00:00 GMT+0200 (Eastern European Standard Time),2014-01,,65.6,57.8,98.2,74.8,26.3,70,86.9,48.3
Wed Feb 14 2024 02:00:00 GMT+0200 (Eastern European Standard Time),2014-02,,63.4,56.5,94.1,64.2,36.4,60.8,78.3,49.9
Thu Mar 14 2024 02:00:00 GMT+0200 (Eastern European Standard Time),2014-03,,71,66.2,108.3,68.9,25.6,86.6,86,57.5
Sun Apr 14 2024 02:00:00 GMT+0300 (Eastern European Summer Time),2014-04,,67.4,63.1,100.5,62.4,25.1,86.9,78.3,56.7
Tue May 14 2024 02:00:00 GMT+0300 (Eastern European Summer Time),2014-05,,70,63.6,109.3,74.5,55.6,63.2,82.8,59.3
Fri Jun 14 2024 02:00:00 GMT+0300 (Eastern European Summer Time),2014-06,,66.5,58.3,107.2,75.7,46.6,55.4,84.1,51
Sun Jul 14 2024 02:00:00 GMT+0300 (Eastern European Summer Time),2014-07,,66.2,58.3,105.2,74.5,36.7,67.4,82.8,51.3
Wed Aug 14 2024 02:00:00 GMT+0300 (Eastern European Summer Time),2014-08,,70.5,67.9,109.4,66.6,39.8,99.4,75.1,68.4
Sat Sep 14 2024 02:00:00 GMT+0300 (Eastern European Summer Time),2014-09,,75,73.6,100.7,72.6,39.9,97.8,85.2,67.8
Mon Oct 14 2024 02:00:00 GMT+0300 (Eastern European Summer Time),2014-10,,69.7,66.7,95.9,73.6,40.6,75.6,84.2,58.5
Thu Nov 14 2024 02:00:00 GMT+0200 (Eastern European Standard Time),2014-11,,75.6,71.1,122.7,83.1,39.1,87.8,92.2,63.7
Sat Dec 14 2024 02:00:00 GMT+0200 (Eastern European Standard Time),2014-12,,79.2,80.5,104.8,79.7,40.3,102.3,92.4,71.3
Mon Jan 15 2024 02:00:00 GMT+0200 (Eastern European Standard Time),2015-01,,73.1,67.7,118.3,68.2,39.9,87.7,83.9,63.8
Thu Feb 15 2024 02:00:00 GMT+0200 (Eastern European Standard Time),2015-02,,72.6,67.6,76.7,75.5,31.8,81.1,92.1,56.8
Fri Mar 15 2024 02:00:00 GMT+0200 (Eastern European Standard Time),2015-03,,77.6,70.6,140.2,73.4,40,81.8,95.7,62.1
Mon Apr 15 2024 02:00:00 GMT+0300 (Eastern European Summer Time),2015-04,,73.5,63.1,139.1,76.5,41.4,78.9,87,60.8
Wed May 15 2024 02:00:00 GMT+0300 (Eastern European Summer Time),2015-05,,72.3,63.8,119.1,80.3,43.3,74.1,88.7,58.6
Sat Jun 15 2024 02:00:00 GMT+0300 (Eastern European Summer Time),2015-06,,74.6,66.5,109,83.9,35.1,78.9,92.8,57.4
Mon Jul 15 2024 02:00:00 GMT+0300 (Eastern European Summer Time),2015-07,,75.7,66.6,123.3,84.4,38.4,81.2,93.8,59.2
Thu Aug 15 2024 02:00:00 GMT+0300 (Eastern European Summer Time),2015-08,,77.6,69.9,127.7,82.6,33.8,82,101.8,57.3
Sun Sep 15 2024 02:00:00 GMT+0300 (Eastern European Summer Time),2015-09,,78.3,71.6,125,83.4,35.6,87.5,99.4,61
Tue Oct 15 2024 02:00:00 GMT+0300 (Eastern European Summer Time),2015-10,,79.7,68.1,159.9,89.1,37.9,88.2,99.9,63.4
Fri Nov 15 2024 02:00:00 GMT+0200 (Eastern European Standard Time),2015-11,,83.5,71.1,171,97.7,31.2,79,116.8,55.6
Sun Dec 15 2024 02:00:00 GMT+0200 (Eastern European Standard Time),2015-12,,90.3,84.8,175.5,86.2,30.7,84.8,128.1,58.2
Tue Jan 16 2024 02:00:00 GMT+0200 (Eastern European Standard Time),2016-01,,72.6,64.7,92.7,84.4,42.9,83.3,84.9,63
Fri Feb 16 2024 02:00:00 GMT+0200 (Eastern European Standard Time),2016-02,,75.8,67.8,108.6,84.6,41.1,94.5,86.5,68.5
Sat Mar 16 2024 02:00:00 GMT+0200 (Eastern European Standard Time),2016-03,,73.9,66.1,110.4,83.9,40.7,69.1,96.4,55.7
Tue Apr 16 2024 02:00:00 GMT+0300 (Eastern European Summer Time),2016-04,,83,72.3,117.7,101.6,40.9,74.2,113.9,58
Thu May 16 2024 02:00:00 GMT+0300 (Eastern European Summer Time),2016-05,,77.7,68.1,131.8,84.6,41.2,82.4,96,61.7
Sun Jun 16 2024 02:00:00 GMT+0300 (Eastern European Summer Time),2016-06,,76.8,72.4,96.4,80.9,36.2,76.7,97.7,57
Tue Jul 16 2024 02:00:00 GMT+0300 (Eastern European Summer Time),2016-07,,76.8,76,78.8,79.9,37.1,87.5,94.3,61.7
Fri Aug 16 2024 02:00:00 GMT+0300 (Eastern European Summer Time),2016-08,,74,69.6,93.2,78.5,36.2,79.3,92.8,57.4
Mon Sep 16 2024 02:00:00 GMT+0300 (Eastern European Summer Time),2016-09,,78.7,73.7,108.2,83.3,36.7,92.6,94.8,64.6
Wed Oct 16 2024 02:00:00 GMT+0300 (Eastern European Summer Time),2016-10,,79.9,68.7,135.2,96.3,51.7,89.4,91.5,71.1
Sat Nov 16 2024 02:00:00 GMT+0200 (Eastern European Standard Time),2016-11,,73.6,67.8,93.6,88.3,49.4,90.5,78.4,70.7
Mon Dec 16 2024 02:00:00 GMT+0200 (Eastern European Standard Time),2016-12,,67.2,58.6,105.2,84.2,36.2,80.7,77.8,58.9
Wed Jan 17 2024 02:00:00 GMT+0200 (Eastern European Standard Time),2017-01,,71.6,68.4,86.7,71.6,66.9,78.9,67.6,73.6
Sat Feb 17 2024 02:00:00 GMT+0200 (Eastern European Standard Time),2017-02,,71.2,73.1,61.2,63.3,78.1,69.9,63.8,75.2
Sun Mar 17 2024 02:00:00 GMT+0200 (Eastern European Standard Time),2017-03,,75.9,72.6,115.8,70.8,69.7,73.9,79.1,72.3
Wed Apr 17 2024 02:00:00 GMT+0300 (Eastern European Summer Time),2017-04,,67.4,70.6,70.7,55.6,65.3,65,68.2,65.5
Fri May 17 2024 02:00:00 GMT+0300 (Eastern European Summer Time),2017-05,,68.2,69.4,71.1,62.7,65.3,69,69.6,66.6
Mon Jun 17 2024 02:00:00 GMT+0300 (Eastern European Summer Time),2017-06,,72,72.1,102.9,61.1,76.8,65.4,72.5,71.3
Wed Jul 17 2024 02:00:00 GMT+0300 (Eastern European Summer Time),2017-07,,77.6,78.8,90.6,72,73,85.3,76.5,78.5
Sat Aug 17 2024 02:00:00 GMT+0300 (Eastern European Summer Time),2017-08,,73,73,77.3,69.3,79.9,72.7,69.4,76
Tue Sep 17 2024 02:00:00 GMT+0300 (Eastern European Summer Time),2017-09,,69,70.8,76.2,60.3,64.3,69.4,70.8,66.8
Thu Oct 17 2024 02:00:00 GMT+0300 (Eastern European Summer Time),2017-10,,70.3,71,80.4,66.1,69.6,64.5,73.2,67.9
Sun Nov 17 2024 02:00:00 GMT+0200 (Eastern European Standard Time),2017-11,,70.5,73.8,94.5,53.2,60.8,80.9,70,71.4
Tue Dec 17 2024 02:00:00 GMT+0200 (Eastern European Standard Time),2017-12,,75.7,76.9,106.6,67.7,66.9,81.3,79.1,74
Thu Jan 18 2024 02:00:00 GMT+0200 (Eastern European Standard Time),2018-01,,74.4,74.6,72.3,71.7,57.5,85.3,78.9,71.5
Sun Feb 18 2024 02:00:00 GMT+0200 (Eastern European Standard Time),2018-02,,73.4,72.2,81.9,75,52.1,79.2,87.6,65.2
Mon Mar 18 2024 02:00:00 GMT+0200 (Eastern European Standard Time),2018-03,,66.5,62.6,93.4,72.1,52.7,77.8,68,65.4
Thu Apr 18 2024 02:00:00 GMT+0300 (Eastern European Summer Time),2018-04,,64,62.5,77.9,65,50,67.5,70.6,58.7
Sat May 18 2024 02:00:00 GMT+0300 (Eastern European Summer Time),2018-05,,70.5,69.5,89.1,68.1,45.6,71.7,86,58
Tue Jun 18 2024 02:00:00 GMT+0300 (Eastern European Summer Time),2018-06,,71.9,70.6,89.5,71.3,51.1,72.8,82.7,62.2
Thu Jul 18 2024 02:00:00 GMT+0300 (Eastern European Summer Time),2018-07,,65,62.2,97,62.5,46.3,70.8,72,58.4
Sun Aug 18 2024 02:00:00 GMT+0300 (Eastern European Summer Time),2018-08,-2.7,66.9,63.4,85.4,67.9,51.8,61.7,77.5,56.7
Wed Sep 18 2024 02:00:00 GMT+0300 (Eastern European Summer Time),2018-09,,69,65.8,94.1,67.4,56.1,68.8,74.6,62.9
Fri Oct 18 2024 02:00:00 GMT+0300 (Eastern European Summer Time),2018-10,,68.9,66.8,87.5,64.3,50.2,66.6,78.2,59.2
Mon Nov 18 2024 02:00:00 GMT+0200 (Eastern European Standard Time),2018-11,,71,68.6,84.7,70.5,56.5,61.1,83,59.3
Wed Dec 18 2024 02:00:00 GMT+0200 (Eastern European Standard Time),2018-12,,71.5,66.2,98.2,76.6,64.4,63.4,80,63.7
Fri Jan 19 2024 02:00:00 GMT+0200 (Eastern European Standard Time),2019-01,,71.6,73.3,80.1,62.1,64.7,75.2,73.4,70.8
Mon Feb 19 2024 02:00:00 GMT+0200 (Eastern European Standard Time),2019-02,,80.1,84.4,99.1,63.9,70.8,99.3,76.2,84.2
Tue Mar 19 2024 02:00:00 GMT+0200 (Eastern European Standard Time),2019-03,,80.3,86.1,72.2,71.4,67.7,99.1,77.8,83.2
Fri Apr 19 2024 02:00:00 GMT+0300 (Eastern European Summer Time),2019-04,,91.8,96.1,86.6,86,64.7,122.2,92.1,92.8
Sun May 19 2024 02:00:00 GMT+0300 (Eastern European Summer Time),2019-05,,88.8,92.6,82.3,84.6,69.7,118,86.8,92.3
Wed Jun 19 2024 02:00:00 GMT+0300 (Eastern European Summer Time),2019-06,,87.2,87.3,99.3,83.7,64.8,94.5,95.3,80
Fri Jul 19 2024 02:00:00 GMT+0300 (Eastern European Summer Time),2019-07,,90.4,91,100.1,84.1,71.9,92.6,98,82.3
Mon Aug 19 2024 02:00:00 GMT+0300 (Eastern European Summer Time),2019-08,,92.2,92.9,85.9,91.2,68.7,96,102.8,82.4
Thu Sep 19 2024 02:00:00 GMT+0300 (Eastern European Summer Time),2019-09,,91.3,88.5,84.4,96.8,64.9,87.5,104.4,77.3
Sat Oct 19 2024 02:00:00 GMT+0300 (Eastern European Summer Time),2019-10,,88.9,82.9,91.4,98.5,62.6,104.3,91.3,84.7
Tue Nov 19 2024 02:00:00 GMT+0200 (Eastern European Standard Time),2019-11,,91.8,87.7,91.2,97.6,61.6,111.7,93.6,88.4
Thu Dec 19 2024 02:00:00 GMT+0200 (Eastern European Standard Time),2019-12,,89.5,86.3,92.6,93.4,71.2,114,83.5,93.5
Sat Jan 20 2024 02:00:00 GMT+0200 (Eastern European Standard Time),2020-01,,106.3,102.8,122.8,114.5,92.9,113.3,109.6,104.4
Tue Feb 20 2024 02:00:00 GMT+0200 (Eastern European Standard Time),2020-02,,100.5,94.8,130.8,125.1,88.4,115.3,107.9,100.8
Wed Mar 20 2024 02:00:00 GMT+0200 (Eastern European Standard Time),2020-03,,103.7,97.9,131.4,124.1,79.5,107.8,120.2,93.4
Sat Apr 20 2024 02:00:00 GMT+0300 (Eastern European Summer Time),2020-04,,100.8,92,143.1,124.5,76.7,108.6,115.8,91.9
Mon May 20 2024 02:00:00 GMT+0300 (Eastern European Summer Time),2020-05,,100.6,94.1,134,116.3,78.8,113.6,112.4,94.2
Thu Jun 20 2024 02:00:00 GMT+0300 (Eastern European Summer Time),2020-06,,95.6,87.9,124.2,106.6,75.4,105.9,100.5,90.9
Sat Jul 20 2024 02:00:00 GMT+0300 (Eastern European Summer Time),2020-07,,103,92.8,144.2,117.7,78.9,113.9,107.8,96.8
Tue Aug 20 2024 02:00:00 GMT+0300 (Eastern European Summer Time),2020-08,,104.4,94.4,145.7,117.3,81.4,122.3,107.1,101.9
Fri Sep 20 2024 02:00:00 GMT+0300 (Eastern European Summer Time),2020-09,,109.3,99.3,152.3,113.5,81.5,118.2,113.7,101.8
Sun Oct 20 2024 02:00:00 GMT+0300 (Eastern European Summer Time),2020-10,,108.1,103.6,130.6,104.9,74.7,126.7,112.7,102.1
Wed Nov 20 2024 02:00:00 GMT+0200 (Eastern European Standard Time),2020-11,,98.4,94.3,112.4,98,73.2,109.6,102.6,92.9
Fri Dec 20 2024 02:00:00 GMT+0200 (Eastern European Standard Time),2020-12,-3.3,99.9,100.5,112.8,85.7,81.3,111.4,100.2,97.2
Sun Jan 21 2024 02:00:00 GMT+0200 (Eastern European Standard Time),2021-01,,99.5,98.1,109.8,104.2,78.8,88.2,120.7,85
Wed Feb 21 2024 02:00:00 GMT+0200 (Eastern European Standard Time),2021-02,,103.5,102.7,127.5,110.3,82.8,117,114.4,98.6
Thu Mar 21 2024 02:00:00 GMT+0200 (Eastern European Standard Time),2021-03,0.3,104.3,106.7,103.8,108.7,96.9,104.9,112.3,100.5
Sun Apr 21 2024 02:00:00 GMT+0300 (Eastern European Summer Time),2021-04,,113.7,114.2,123,120.9,115.7,121.4,112.4,117.7
Tue May 21 2024 02:00:00 GMT+0300 (Eastern European Summer Time),2021-05,,103.1,104.1,119.3,102.1,111.7,106.2,103,106.7
Fri Jun 21 2024 02:00:00 GMT+0300 (Eastern European Summer Time),2021-06,4.5,104.2,104.7,115.2,97.8,104.2,110,101.2,107.1
Sun Jul 21 2024 02:00:00 GMT+0300 (Eastern European Summer Time),2021-07,,101.1,101.9,103.1,96.9,102.8,92.5,102.6,98
Wed Aug 21 2024 02:00:00 GMT+0300 (Eastern European Summer Time),2021-08,,98.8,98.9,101,93.8,105.2,100,93.5,102.6
Sat Sep 21 2024 02:00:00 GMT+0300 (Eastern European Summer Time),2021-09,-8.7,93.1,93.7,79.5,85.7,101.6,81.6,88.7,92.8
Mon Oct 21 2024 02:00:00 GMT+0300 (Eastern European Summer Time),2021-10,,93,92.9,83.6,90,98.8,90.6,87.9,95.6
Thu Nov 21 2024 02:00:00 GMT+0200 (Eastern European Standard Time),2021-11,,102.3,102.2,84.9,101.7,103.2,103.4,98,104.1
Sat Dec 21 2024 02:00:00 GMT+0200 (Eastern European Standard Time),2021-12,1.1,100.9,97.7,94.3,106.5,94,96.2,103.7,95.4
Mon Jan 22 2024 02:00:00 GMT+0200 (Eastern European Standard Time),2022-01,,108.5,104.8,115.2,123.9,106.9,108.2,106.9,109.8
Thu Feb 22 2024 02:00:00 GMT+0200 (Eastern European Standard Time),2022-02,,109.4,106.2,133.9,125.9,104.7,122.4,108.6,112.4
Fri Mar 22 2024 02:00:00 GMT+0200 (Eastern European Standard Time),2022-03,9.6,106.8,106.4,99.2,124.7,95,127,105.5,110.4
Mon Apr 22 2024 02:00:00 GMT+0300 (Eastern European Summer Time),2022-04,,105.9,107.9,101.4,111,105.7,121.5,99.6,112.8
Wed May 22 2024 02:00:00 GMT+0300 (Eastern European Summer Time),2022-05,,111.4,111.2,109.3,119.1,112.7,135.2,103.1,121.3
Sat Jun 22 2024 02:00:00 GMT+0300 (Eastern European Summer Time),2022-06,1.1,111,112.8,106.9,106.6,108.5,122.5,106.4,115.5
Mon Jul 22 2024 02:00:00 GMT+0300 (Eastern European Summer Time),2022-07,,111.4,108.6,123.5,114.2,105.6,111.9,111.3,109.4
Thu Aug 22 2024 02:00:00 GMT+0300 (Eastern European Summer Time),2022-08,,112.8,105.5,136.7,120.7,102.8,117.5,114.5,110.5
Sun Sep 22 2024 02:00:00 GMT+0300 (Eastern European Summer Time),2022-09,4.4,118.6,110.8,139.2,117.5,101.7,114.6,121.8,110.6
Tue Oct 22 2024 02:00:00 GMT+0300 (Eastern European Summer Time),2022-10,,123.2,121.3,144.9,112.4,100.7,126.4,130.5,115.1
Fri Nov 22 2024 02:00:00 GMT+0200 (Eastern European Standard Time),2022-11,,122.1,116.9,133.4,125.1,104.1,127.6,124.8,117.5
Sun Dec 22 2024 02:00:00 GMT+0200 (Eastern European Standard Time),2022-12,6,118.1,109,132.1,137.6,97.1,119.1,126.5,108.8
Tue Jan 23 2024 02:00:00 GMT+0200 (Eastern European Standard Time),2023-01,,118.5,120.3,149.2,106.4,113.3,114,122.8,116
Fri Feb 23 2024 02:00:00 GMT+0200 (Eastern European Standard Time),2023-02,,121.6,123.4,150.4,122.5,110.3,124.7,133.7,116.4
Sat Mar 23 2024 02:00:00 GMT+0200 (Eastern European Standard Time),2023-03,1.2,127.5,128.4,138.7,137.8,123.2,128.7,136.2,125
Tue Apr 23 2024 02:00:00 GMT+0300 (Eastern European Summer Time),2023-04,,120.4,120.4,146.5,119.6,104.2,116.7,137.6,109.7
Thu May 23 2024 02:00:00 GMT+0300 (Eastern European Summer Time),2023-05,,125.8,121.7,160.9,130.5,108.2,131.7,141.4,117.3
Sun Jun 23 2024 02:00:00 GMT+0300 (Eastern European Summer Time),2023-06,2.1,129,119.2,166.9,141.3,97.9,132,146.2,115.1
Tue Jul 23 2024 02:00:00 GMT+0300 (Eastern European Summer Time),2023-07,,130.4,126.3,158,129.9,99,123.7,148.9,112.3
Fri Aug 23 2024 02:00:00 GMT+0300 (Eastern European Summer Time),2023-08,,135.2,135.1,145.9,126.3,102.2,128.3,156.9,115.7
Mon Sep 23 2024 02:00:00 GMT+0300 (Eastern European Summer Time),2023-09,5.8,131.3,124.3,135.6,132.6,92.7,121.1,150.4,109.7
Wed Oct 23 2024 02:00:00 GMT+0300 (Eastern European Summer Time),2023-10,,137,134.4,135.7,134.3,98.7,129.1,158.9,115.6
Sat Nov 23 2024 02:00:00 GMT+0200 (Eastern European Standard Time),2023-11,,138.9,134.7,165.5,131.3,95.5,117.3,169.7,108.1
Mon Dec 23 2024 02:00:00 GMT+0200 (Eastern European Standard Time),2023-12,8.1,153.1,161,172.8,131.1,100.1,144.4,185.8,123.2
Wed Jan 24 2024 02:00:00 GMT+0200 (Eastern European Standard Time),2024-01,,97.4,90.8,150.2,109.5,52,119.6,125.7,85
Sat Feb 24 2024 02:00:00 GMT+0200 (Eastern European Standard Time),2024-02,,115.4,113,173.6,124.5,89.5,133.6,143.7,105.8
Sun Mar 24 2024 02:00:00 GMT+0200 (Eastern European Standard Time),2024-03,-21,126.1,127.5,155.6,129.5,97,120.3,159.6,107.2
Wed Apr 24 2024 02:00:00 GMT+0300 (Eastern European Summer Time),2024-04,,133.4,127.5,157.6,150.6,104.3,131.1,160,116.2
Fri May 24 2024 02:00:00 GMT+0300 (Eastern European Summer Time),2024-05,,125.2,123.3,141.1,123.6,92,121.4,151.1,105.5
Mon Jun 24 2024 02:00:00 GMT+0300 (Eastern European Summer Time),2024-06,13.5,126.2,126.5,159.7,107.8,76.8,121.2,153.3,99.5
Wed Jul 24 2024 02:00:00 GMT+0300 (Eastern European Summer Time),2024-07,,127.4,121.7,185.4,110.5,75.6,118.9,151.4,98.4
Sat Aug 24 2024 02:00:00 GMT+0300 (Eastern European Summer Time),2024-08,,,,,,,,,
Tue Sep 24 2024 02:00:00 GMT+0300 (Eastern European Summer Time),2024-09,-0.7,,,,,,,,
Thu Oct 24 2024 02:00:00 GMT+0300 (Eastern European Summer Time),2024-10,,,,,,,,,
Sun Nov 24 2024 02:00:00 GMT+0200 (Eastern European Standard Time),2024-11,,,,,,,,,
Tue Dec 24 2024 02:00:00 GMT+0200 (Eastern European Standard Time),2024-12,,,,,,,,,
Thu Jan 25 2024 02:00:00 GMT+0200 (Eastern European Standard Time),2025-01,,,,,,,,,
Sun Feb 25 2024 02:00:00 GMT+0200 (Eastern European Standard Time),2025-02,,,,,,,,,
Mon Mar 25 2024 02:00:00 GMT+0200 (Eastern European Standard Time),2025-03,,,,,,,,,
Thu Apr 25 2024 02:00:00 GMT+0300 (Eastern European Summer Time),2025-04,,,,,,,,,
Sat May 25 2024 02:00:00 GMT+0300 (Eastern European Summer Time),2025-05,,,,,,,,,
Tue Jun 25 2024 02:00:00 GMT+0300 (Eastern European Summer Time),2025-06,,,,,,,,,
Thu Jul 25 2024 02:00:00 GMT+0300 (Eastern European Summer Time),2025-07,,,,,,,,,
Sun Aug 25 2024 02:00:00 GMT+0300 (Eastern European Summer Time),2025-08,,,,,,,,,
Wed Sep 25 2024 02:00:00 GMT+0300 (Eastern European Summer Time),2025-09,,,,,,,,,
Fri Oct 25 2024 02:00:00 GMT+0300 (Eastern European Summer Time),2025-10,,,,,,,,,
Mon Nov 25 2024 02:00:00 GMT+0200 (Eastern European Standard Time),2025-11,,,,,,,,,
Wed Dec 25 2024 02:00:00 GMT+0200 (Eastern European Standard Time),2025-12,,,,,,,,,
Fri Jan 26 2024 02:00:00 GMT+0200 (Eastern European Standard Time),2026-01,,,,,,,,,
Mon Feb 26 2024 02:00:00 GMT+0200 (Eastern European Standard Time),2026-02,,,,,,,,,
Tue Mar 26 2024 02:00:00 GMT+0200 (Eastern European Standard Time),2026-03,,,,,,,,,
Fri Apr 26 2024 02:00:00 GMT+0300 (Eastern European Summer Time),2026-04,,,,,,,,,
Sun May 26 2024 02:00:00 GMT+0300 (Eastern European Summer Time),2026-05,,,,,,,,,
Wed Jun 26 2024 02:00:00 GMT+0300 (Eastern European Summer Time),2026-06,,,,,,,,,
Fri Jul 26 2024 02:00:00 GMT+0300 (Eastern European Summer Time),2026-07,,,,,,,,,
Mon Aug 26 2024 02:00:00 GMT+0300 (Eastern European Summer Time),2026-08,,,,,,,,,
Thu Sep 26 2024 02:00:00 GMT+0300 (Eastern European Summer Time),2026-09,,,,,,,,,
Sat Oct 26 2024 02:00:00 GMT+0300 (Eastern European Summer Time),2026-10,,,,,,,,,
Tue Nov 26 2024 02:00:00 GMT+0200 (Eastern European Standard Time),2026-11,,,,,,,,,
Thu Dec 26 2024 02:00:00 GMT+0200 (Eastern European Standard Time),2026-12,,,,,,,,,