PSC1071 - Turnover volume indices in market services rendered to the population, unadjusted series - base year 2021,Date,INDEX (2021 av. = 100),TOTAL,Accomodation and food service activities,Gambling and other recreation activities,Travel agency, tour operator reservation service and related activities,Hairdressing and other beauty treatment,Washing and (dry-) cleaning of textile and fur products,Other activities,Accomodation,Food service activities
Fri Jan 05 2024 02:00:00 GMT+0200 (Eastern European Standard Time),2005-01,,39.9,33.1,38.6,141.3,35.5,79.1,70,42.3,34.3
Mon Feb 05 2024 02:00:00 GMT+0200 (Eastern European Standard Time),2005-02,,34.4,29.4,29.2,123.5,39.3,87.7,68,43.6,28
Tue Mar 05 2024 02:00:00 GMT+0200 (Eastern European Standard Time),2005-03,,42.1,36.8,37.1,115.7,46.8,85.9,102.6,51.1,36.4
Fri Apr 05 2024 02:00:00 GMT+0300 (Eastern European Summer Time),2005-04,,41,35.2,29.6,174.1,50,91.4,102.9,49.2,34.8
Sun May 05 2024 02:00:00 GMT+0300 (Eastern European Summer Time),2005-05,,46.6,39,41.2,181.7,46.2,82.3,97.5,61.9,35.7
Wed Jun 05 2024 02:00:00 GMT+0300 (Eastern European Summer Time),2005-06,,49.1,41.7,32.7,262.1,47.5,78.4,109.4,73.5,35.4
Fri Jul 05 2024 02:00:00 GMT+0300 (Eastern European Summer Time),2005-07,,49.1,42.6,31.4,260.7,47.7,96.2,85.2,79.4,34.5
Mon Aug 05 2024 02:00:00 GMT+0300 (Eastern European Summer Time),2005-08,,55.5,50.7,34.6,255.7,47.9,103.7,90.9,86.8,44
Thu Sep 05 2024 02:00:00 GMT+0300 (Eastern European Summer Time),2005-09,,49.8,42.6,39.2,226.3,44.8,71.5,85.1,74.9,36.3
Sat Oct 05 2024 02:00:00 GMT+0300 (Eastern European Summer Time),2005-10,,51.9,44.8,39.3,240.7,45.2,76.2,90.1,72,40.7
Tue Nov 05 2024 02:00:00 GMT+0200 (Eastern European Standard Time),2005-11,,46.7,39.5,38,205.3,44.4,76.4,84.8,64.2,35.7
Thu Dec 05 2024 02:00:00 GMT+0200 (Eastern European Standard Time),2005-12,,48,38.9,42.2,218,52.4,76.6,89.1,53.7,38.7
Sat Jan 06 2024 02:00:00 GMT+0200 (Eastern European Standard Time),2006-01,,48.5,38.5,54.1,162.5,50.6,77.2,59.7,52.3,38.6
Tue Feb 06 2024 02:00:00 GMT+0200 (Eastern European Standard Time),2006-02,,46.3,38.7,42.4,171.8,58,75.7,75.7,53.8,38.3
Wed Mar 06 2024 02:00:00 GMT+0200 (Eastern European Standard Time),2006-03,,55.3,47.9,48.4,183.2,64.9,96.1,97,62.7,49
Sat Apr 06 2024 02:00:00 GMT+0300 (Eastern European Summer Time),2006-04,,54.6,44.5,54.7,186.7,70.2,77,91.1,59.8,44.9
Mon May 06 2024 02:00:00 GMT+0300 (Eastern European Summer Time),2006-05,,59.9,49.5,49.4,287.6,69.6,96,88.1,70.7,48.4
Thu Jun 06 2024 02:00:00 GMT+0300 (Eastern European Summer Time),2006-06,,64.1,53.2,51,330.2,73.2,85.8,77.4,87.5,47.6
Sat Jul 06 2024 02:00:00 GMT+0300 (Eastern European Summer Time),2006-07,,65,56.9,41.4,340.5,67.8,90.3,111,99.4,48.6
Tue Aug 06 2024 02:00:00 GMT+0300 (Eastern European Summer Time),2006-08,,64.9,57.7,44.2,305.7,70.6,88.7,93,105.8,47.5
Fri Sep 06 2024 02:00:00 GMT+0300 (Eastern European Summer Time),2006-09,,63.2,54.3,49.6,292.2,69,83.5,81.1,88.3,48.9
Sun Oct 06 2024 02:00:00 GMT+0300 (Eastern European Summer Time),2006-10,,63.5,53.6,52.7,291.6,66.8,92.1,78.9,85.8,48.8
Wed Nov 06 2024 02:00:00 GMT+0200 (Eastern European Standard Time),2006-11,,61.7,51.4,54.3,274.7,62.2,82.6,78.9,80.9,47.3
Fri Dec 06 2024 02:00:00 GMT+0200 (Eastern European Standard Time),2006-12,,63.1,53.2,57.4,247,70.2,83.3,85.7,80.6,50.1
Sun Jan 07 2024 02:00:00 GMT+0200 (Eastern European Standard Time),2007-01,,49.2,37.7,56,172,63.9,92.2,66.5,56.9,35.6
Wed Feb 07 2024 02:00:00 GMT+0200 (Eastern European Standard Time),2007-02,,48.2,38.4,52.6,147.4,66.5,106.3,65.4,60.7,35.3
Thu Mar 07 2024 02:00:00 GMT+0200 (Eastern European Standard Time),2007-03,,61.2,51.6,63.8,169.1,76.7,108.1,68.2,81.3,47.4
Sun Apr 07 2024 02:00:00 GMT+0300 (Eastern European Summer Time),2007-04,,56.6,51.2,57.6,82.6,77.5,87.1,73.2,74.1,49.6
Tue May 07 2024 02:00:00 GMT+0300 (Eastern European Summer Time),2007-05,,64.3,61.6,56.1,104.4,82,93.3,78.8,98,56.3
Fri Jun 07 2024 02:00:00 GMT+0300 (Eastern European Summer Time),2007-06,,64,62.6,50.7,110.6,83,91.7,92,104.9,55.3
Sun Jul 07 2024 02:00:00 GMT+0300 (Eastern European Summer Time),2007-07,,69.7,68.1,56.4,130.6,83.4,82.5,74.5,118.2,58.6
Wed Aug 07 2024 02:00:00 GMT+0300 (Eastern European Summer Time),2007-08,,78.2,68.5,83.3,171.5,83.6,81.9,77.4,126.3,56.1
Sat Sep 07 2024 02:00:00 GMT+0300 (Eastern European Summer Time),2007-09,,68.1,61.3,66,154.6,79.6,81.8,76.5,102.5,54.1
Mon Oct 07 2024 02:00:00 GMT+0300 (Eastern European Summer Time),2007-10,,71.7,65,70.4,150.2,80.3,91.3,75,94.7,62.8
Thu Nov 07 2024 02:00:00 GMT+0200 (Eastern European Standard Time),2007-11,,71.5,62.6,69.3,205.6,75.8,86,79.5,90.5,60.6
Sat Dec 07 2024 02:00:00 GMT+0200 (Eastern European Standard Time),2007-12,,75.8,64.1,79,215.9,92.6,93.8,82.3,78.4,67.5
Mon Jan 08 2024 02:00:00 GMT+0200 (Eastern European Standard Time),2008-01,,54.1,38,80.1,122.6,64.9,80.5,69.5,60.3,34.8
Thu Feb 08 2024 02:00:00 GMT+0200 (Eastern European Standard Time),2008-02,,54.2,42.8,64.6,122.2,65.7,77.1,114.9,71.7,37.8
Fri Mar 08 2024 02:00:00 GMT+0200 (Eastern European Standard Time),2008-03,,62.6,50.6,75,133.9,71.1,85.4,102.3,87.4,43.6
Mon Apr 08 2024 02:00:00 GMT+0300 (Eastern European Summer Time),2008-04,,65.4,55.4,70.6,148,81.8,84,96.7,94.7,48.1
Wed May 08 2024 02:00:00 GMT+0300 (Eastern European Summer Time),2008-05,,70.6,60.2,72,194.6,79.3,83.7,101.4,102.8,52.3
Sat Jun 08 2024 02:00:00 GMT+0300 (Eastern European Summer Time),2008-06,,75,64.5,66.4,272.5,90.8,87.4,109.7,120.3,52.3
Mon Jul 08 2024 02:00:00 GMT+0300 (Eastern European Summer Time),2008-07,,77.6,67.5,67.1,285.2,86.7,97.3,109.3,131.6,52.5
Thu Aug 08 2024 02:00:00 GMT+0300 (Eastern European Summer Time),2008-08,,79.4,69.3,72.1,261.6,83.4,92,111.6,139,52.5
Sun Sep 08 2024 02:00:00 GMT+0300 (Eastern European Summer Time),2008-09,,69.7,60.2,69.8,166.4,84.2,98.3,123.7,115.8,47.5
Tue Oct 08 2024 02:00:00 GMT+0300 (Eastern European Summer Time),2008-10,,67.5,54.7,76.5,159,88.1,103.9,128.8,103,43.9
Fri Nov 08 2024 02:00:00 GMT+0200 (Eastern European Standard Time),2008-11,,62.7,50,71.7,167.8,80.9,99.7,97.9,89.1,42.1
Sun Dec 08 2024 02:00:00 GMT+0200 (Eastern European Standard Time),2008-12,,57.9,49.1,62.1,112,79.4,95.6,112.6,81.9,43.4
Tue Jan 09 2024 02:00:00 GMT+0200 (Eastern European Standard Time),2009-01,,52,39,73.4,84.6,79,56.7,83,56.4,35.8
Fri Feb 09 2024 02:00:00 GMT+0200 (Eastern European Standard Time),2009-02,,50.1,38.6,72.8,68.3,60.3,60.8,81.7,58.8,34.8
Sat Mar 09 2024 02:00:00 GMT+0200 (Eastern European Standard Time),2009-03,,56.8,42.3,86.3,84.5,63,60.8,77.5,68.3,37
Tue Apr 09 2024 02:00:00 GMT+0300 (Eastern European Summer Time),2009-04,,53.3,38.7,79.7,91.5,64.4,58,73.1,64.2,33.5
Thu May 09 2024 02:00:00 GMT+0300 (Eastern European Summer Time),2009-05,,58,44.8,82.7,84,72.2,66.2,88.3,85,36
Sun Jun 09 2024 02:00:00 GMT+0300 (Eastern European Summer Time),2009-06,,58.3,46.2,65.5,137.4,74.3,61.7,92.1,93.5,35.6
Tue Jul 09 2024 02:00:00 GMT+0300 (Eastern European Summer Time),2009-07,,61.7,52.8,63.6,131,67,80.4,83.7,123,36.6
Fri Aug 09 2024 02:00:00 GMT+0300 (Eastern European Summer Time),2009-08,,61.4,52.8,67.9,112.8,64.8,84.2,78.4,120,37.4
Mon Sep 09 2024 02:00:00 GMT+0300 (Eastern European Summer Time),2009-09,,55.6,46.6,66.2,94.2,60.1,72.7,80.3,95.3,35.8
Wed Oct 09 2024 02:00:00 GMT+0300 (Eastern European Summer Time),2009-10,,54.9,45.9,72.3,72,51.2,56,83.2,96.7,34.4
Sat Nov 09 2024 02:00:00 GMT+0200 (Eastern European Standard Time),2009-11,,49.2,37.9,73.1,65.6,48.9,52.3,78.6,68.8,31.2
Mon Dec 09 2024 02:00:00 GMT+0200 (Eastern European Standard Time),2009-12,,52,39.6,79.6,67.1,49.8,49.1,77.9,71.3,32.8
Wed Jan 10 2024 02:00:00 GMT+0200 (Eastern European Standard Time),2010-01,,55.8,42.6,81.6,85.5,50.2,61,85.6,67.9,37.6
Sat Feb 10 2024 02:00:00 GMT+0200 (Eastern European Standard Time),2010-02,,55.1,42.1,78.1,86.4,64.4,65,86.7,73.5,35.5
Sun Mar 10 2024 02:00:00 GMT+0200 (Eastern European Standard Time),2010-03,,61,46.5,87.2,100.7,61,67.4,87.6,76.4,40.4
Wed Apr 10 2024 02:00:00 GMT+0300 (Eastern European Summer Time),2010-04,,59.9,46.1,86,96.6,51.7,67.8,82.1,79.6,39
Fri May 10 2024 02:00:00 GMT+0300 (Eastern European Summer Time),2010-05,,66.4,54,88.8,103.1,53.4,64.2,93.9,100.5,43.9
Mon Jun 10 2024 02:00:00 GMT+0300 (Eastern European Summer Time),2010-06,,68.8,56.2,82.8,138.9,53.7,64.5,90.8,111.5,44
Wed Jul 10 2024 02:00:00 GMT+0300 (Eastern European Summer Time),2010-07,,67.5,55.4,78.2,145.5,55.1,66,88.8,110.5,43.2
Sat Aug 10 2024 02:00:00 GMT+0300 (Eastern European Summer Time),2010-08,,70.1,58.7,81.3,141.8,55.7,63.7,75.9,117.6,45.6
Tue Sep 10 2024 02:00:00 GMT+0300 (Eastern European Summer Time),2010-09,,66.3,54.1,81,132.2,53.7,70.7,70.8,106.7,42.5
Thu Oct 10 2024 02:00:00 GMT+0300 (Eastern European Summer Time),2010-10,,62.1,51.3,83.8,83.4,59.6,66.7,73.7,100.9,40.4
Sun Nov 10 2024 02:00:00 GMT+0200 (Eastern European Standard Time),2010-11,,61.4,49.4,82.1,96.8,64.7,65.4,77.5,91.7,40.2
Tue Dec 10 2024 02:00:00 GMT+0200 (Eastern European Standard Time),2010-12,,61.3,47.2,86.7,100.6,66.2,66.6,75.9,80.1,40.4
Thu Jan 11 2024 02:00:00 GMT+0200 (Eastern European Standard Time),2011-01,,59,40.8,95.9,102.9,54.4,52.6,70,66.3,35.7
Sun Feb 11 2024 02:00:00 GMT+0200 (Eastern European Standard Time),2011-02,,59.2,42.4,90,106.9,61.7,54.2,79.2,78,34.7
Mon Mar 11 2024 02:00:00 GMT+0200 (Eastern European Standard Time),2011-03,,64.7,48.1,95.7,111.5,53.5,59.4,94.1,87.7,39.6
Thu Apr 11 2024 02:00:00 GMT+0300 (Eastern European Summer Time),2011-04,,63.7,46.2,99.7,101.3,54.9,62.4,90,88,37
Sat May 11 2024 02:00:00 GMT+0300 (Eastern European Summer Time),2011-05,,67.8,55.9,88.5,107.4,59.9,64.1,79.1,111.8,43.5
Tue Jun 11 2024 02:00:00 GMT+0300 (Eastern European Summer Time),2011-06,,69.9,61.2,82.5,107.2,60.5,61.3,82.7,133.4,44.8
Thu Jul 11 2024 02:00:00 GMT+0300 (Eastern European Summer Time),2011-07,,76.4,65.9,92.2,123.1,62.2,58.3,87.3,147.8,47.1
Sun Aug 11 2024 02:00:00 GMT+0300 (Eastern European Summer Time),2011-08,,77.5,66.6,96.2,120.2,57.9,52.6,84.9,149.1,47.8
Wed Sep 11 2024 02:00:00 GMT+0300 (Eastern European Summer Time),2011-09,,71.5,59,91.8,121.9,57.7,56.6,82,124.1,44.4
Fri Oct 11 2024 02:00:00 GMT+0300 (Eastern European Summer Time),2011-10,,69.7,56.2,97.5,103.7,52.4,64,79.7,109.7,44.4
Mon Nov 11 2024 02:00:00 GMT+0200 (Eastern European Standard Time),2011-11,,66.8,53.3,95.8,93.8,52.9,62.2,82.2,102,42.7
Wed Dec 11 2024 02:00:00 GMT+0200 (Eastern European Standard Time),2011-12,,66.6,52.6,96.7,91.9,59.9,67,79,88,45.2
Fri Jan 12 2024 02:00:00 GMT+0200 (Eastern European Standard Time),2012-01,,58.3,43.9,86.3,94,54.8,61,78.5,72.5,38
Mon Feb 12 2024 02:00:00 GMT+0200 (Eastern European Standard Time),2012-02,,55.1,38.5,87.9,93.5,58.8,55.2,74.6,59.4,34.4
Tue Mar 12 2024 02:00:00 GMT+0200 (Eastern European Standard Time),2012-03,,64.7,48.5,94,112.5,58,65,91,74.2,43.5
Fri Apr 12 2024 02:00:00 GMT+0300 (Eastern European Summer Time),2012-04,,63.2,47.7,86.8,122.5,60.9,60.4,96.2,85.1,39.8
Sun May 12 2024 02:00:00 GMT+0300 (Eastern European Summer Time),2012-05,,68.1,53.3,86.4,144.3,61.5,66.9,82.4,108.1,41
Wed Jun 12 2024 02:00:00 GMT+0300 (Eastern European Summer Time),2012-06,,69.8,54.9,85.5,156.2,61.7,67.4,88,105.2,43.8
Fri Jul 12 2024 02:00:00 GMT+0300 (Eastern European Summer Time),2012-07,,75.9,65,83.8,156,65.5,63.1,75.9,148.3,45.9
Mon Aug 12 2024 02:00:00 GMT+0300 (Eastern European Summer Time),2012-08,,79.1,66.8,89.4,168.1,65,67,66.2,154.5,46.6
Thu Sep 12 2024 02:00:00 GMT+0300 (Eastern European Summer Time),2012-09,,72.5,60.1,86.1,147.5,63.1,63.4,65.3,122.3,46.2
Sat Oct 12 2024 02:00:00 GMT+0300 (Eastern European Summer Time),2012-10,,74.4,58.3,99.8,143.6,61.6,70.3,72.2,112.6,46.3
Tue Nov 12 2024 02:00:00 GMT+0200 (Eastern European Standard Time),2012-11,,70.2,54.8,92.9,140.2,54.7,70.1,82.1,95.9,46.1
Thu Dec 12 2024 02:00:00 GMT+0200 (Eastern European Standard Time),2012-12,,67.8,52.9,93.5,120.8,58.7,64.7,74.8,85.2,46.4
Sat Jan 13 2024 02:00:00 GMT+0200 (Eastern European Standard Time),2013-01,,54.9,41.9,85.8,66.8,42.4,66,77.9,66.4,37
Tue Feb 13 2024 02:00:00 GMT+0200 (Eastern European Standard Time),2013-02,,52.5,41.3,78.9,65.5,43.3,59.1,62.9,70.2,35.2
Wed Mar 13 2024 02:00:00 GMT+0200 (Eastern European Standard Time),2013-03,,61.8,49.7,88.1,88.8,47.4,65.3,57.3,79.1,43.8
Sat Apr 13 2024 02:00:00 GMT+0300 (Eastern European Summer Time),2013-04,,58.7,47.3,82.1,86.5,47.5,70,56.3,82,40
Mon May 13 2024 02:00:00 GMT+0300 (Eastern European Summer Time),2013-05,,61.9,50.2,83.8,99.2,48.1,65.4,61.9,90.9,41.5
Thu Jun 13 2024 02:00:00 GMT+0300 (Eastern European Summer Time),2013-06,,70.6,59,83.7,141.5,58.7,71.5,55.6,118.4,45.8
Sat Jul 13 2024 02:00:00 GMT+0300 (Eastern European Summer Time),2013-07,,76.7,64.6,79.9,189.1,49.8,72.8,81.6,139,47.8
Tue Aug 13 2024 02:00:00 GMT+0300 (Eastern European Summer Time),2013-08,,77.8,66,81.4,191.1,51.2,64.8,66.6,137.1,50
Fri Sep 13 2024 02:00:00 GMT+0300 (Eastern European Summer Time),2013-09,,73.7,62.2,84.7,154.6,51.5,72,56,123.9,48.6
Sun Oct 13 2024 02:00:00 GMT+0300 (Eastern European Summer Time),2013-10,,71.1,59.2,85.9,138.9,49.3,76.6,67.6,114.4,47.1
Wed Nov 13 2024 02:00:00 GMT+0200 (Eastern European Standard Time),2013-11,,63,53,84.3,88,42.8,73.9,55.3,102.5,42.2
Fri Dec 13 2024 02:00:00 GMT+0200 (Eastern European Standard Time),2013-12,,65.7,55.4,85.9,94.6,47.5,79.5,66.5,94.9,47.1
Sun Jan 14 2024 02:00:00 GMT+0200 (Eastern European Standard Time),2014-01,,59.9,46.7,83.9,103.1,44.9,68,68.6,85.5,38.3
Wed Feb 14 2024 02:00:00 GMT+0200 (Eastern European Standard Time),2014-02,,57.7,46.7,79.1,87,50.3,66,62.4,88,37.7
Thu Mar 14 2024 02:00:00 GMT+0200 (Eastern European Standard Time),2014-03,,62.5,50.2,84.3,102.4,50.9,69.9,75.9,94,40.7
Sun Apr 14 2024 02:00:00 GMT+0300 (Eastern European Summer Time),2014-04,,60.7,50.3,76.9,102.5,49.1,63.4,74,92.7,41.2
Tue May 14 2024 02:00:00 GMT+0300 (Eastern European Summer Time),2014-05,,63.7,54.8,76.1,104.7,50.5,70.3,71,110.2,42.5
Fri Jun 14 2024 02:00:00 GMT+0300 (Eastern European Summer Time),2014-06,,69.6,61.2,76.7,129.4,52,68.9,64.9,125.2,46.9
Sun Jul 14 2024 02:00:00 GMT+0300 (Eastern European Summer Time),2014-07,,73.4,64.8,77.4,149.1,52.2,68.4,64.8,140.7,47.5
Wed Aug 14 2024 02:00:00 GMT+0300 (Eastern European Summer Time),2014-08,,77.3,67.4,84.8,158,48.6,68.5,61.1,150.4,48.4
Sat Sep 14 2024 02:00:00 GMT+0300 (Eastern European Summer Time),2014-09,,68.5,59.5,81.1,113.5,52.9,73.9,57.7,131.9,43
Mon Oct 14 2024 02:00:00 GMT+0300 (Eastern European Summer Time),2014-10,,67,54.8,86.1,119.4,48.7,75.9,67.4,119.5,40.1
Thu Nov 14 2024 02:00:00 GMT+0200 (Eastern European Standard Time),2014-11,,63.5,50,86.7,113.5,47.9,70.1,71.9,107.2,37.1
Sat Dec 14 2024 02:00:00 GMT+0200 (Eastern European Standard Time),2014-12,,62.2,49.3,86.4,101,53.6,63.9,67.6,97.3,38.7
Mon Jan 15 2024 02:00:00 GMT+0200 (Eastern European Standard Time),2015-01,,59.4,46.8,84.2,100,46.9,62.9,67.2,81.4,39.4
Thu Feb 15 2024 02:00:00 GMT+0200 (Eastern European Standard Time),2015-02,,59.7,46.1,84,107.3,51,60.1,74.1,79.5,39
Fri Mar 15 2024 02:00:00 GMT+0200 (Eastern European Standard Time),2015-03,,66.5,52.3,90.8,118.8,58.2,69.4,81.4,86.8,44.9
Mon Apr 15 2024 02:00:00 GMT+0300 (Eastern European Summer Time),2015-04,,66.7,53.1,89,119.6,60.7,65.2,79.9,86.5,46
Wed May 15 2024 02:00:00 GMT+0300 (Eastern European Summer Time),2015-05,,69.7,58.7,85.9,121.2,59.4,67,78.7,106.2,48.5
Sat Jun 15 2024 02:00:00 GMT+0300 (Eastern European Summer Time),2015-06,,75.7,64.6,84.1,150.9,58.6,72.4,84.3,125.2,51.6
Mon Jul 15 2024 02:00:00 GMT+0300 (Eastern European Summer Time),2015-07,,84.2,71.3,93.2,179.6,60.3,71.4,82.8,147.3,55
Thu Aug 15 2024 02:00:00 GMT+0300 (Eastern European Summer Time),2015-08,,86.1,73.1,98,176.8,57.8,65.2,82.3,149.1,56.9
Sun Sep 15 2024 02:00:00 GMT+0300 (Eastern European Summer Time),2015-09,,79.5,69.3,84.5,159.3,57.9,78.2,85.1,135.4,55.1
Tue Oct 15 2024 02:00:00 GMT+0300 (Eastern European Summer Time),2015-10,,79.2,67.4,89.9,155.8,57.2,77.4,88.3,118,56.5
Fri Nov 15 2024 02:00:00 GMT+0200 (Eastern European Standard Time),2015-11,,76.8,62.6,92.2,159.8,57.1,71,84.3,101.7,54.3
Sun Dec 15 2024 02:00:00 GMT+0200 (Eastern European Standard Time),2015-12,,78.4,63.4,96.9,159.9,66.5,66.5,82.8,100,55.6
Tue Jan 16 2024 02:00:00 GMT+0200 (Eastern European Standard Time),2016-01,,67.3,56.1,93,97,57,67.5,60,87.8,49.3
Fri Feb 16 2024 02:00:00 GMT+0200 (Eastern European Standard Time),2016-02,,69.5,58.8,86.9,114,65.6,69.7,69.7,92.7,51.6
Sat Mar 16 2024 02:00:00 GMT+0200 (Eastern European Standard Time),2016-03,,73.1,62.2,86.2,128.8,74.5,75.1,77.1,94.1,55.3
Tue Apr 16 2024 02:00:00 GMT+0300 (Eastern European Summer Time),2016-04,,71.7,62.2,78.8,129.9,82.6,75.3,69.9,97.8,54.6
Thu May 16 2024 02:00:00 GMT+0300 (Eastern European Summer Time),2016-05,,76,67.2,80.5,138.1,80.2,75.8,73,117.6,56.5
Sun Jun 16 2024 02:00:00 GMT+0300 (Eastern European Summer Time),2016-06,,82.1,74.5,79.5,157.1,86.6,77.8,70.7,132.5,62
Tue Jul 16 2024 02:00:00 GMT+0300 (Eastern European Summer Time),2016-07,,87.7,82,79.4,165.7,84.8,80.9,72.4,160.9,65.1
Fri Aug 16 2024 02:00:00 GMT+0300 (Eastern European Summer Time),2016-08,,87.5,81.7,76.4,175.4,84.4,83.3,68.7,164.4,64
Mon Sep 16 2024 02:00:00 GMT+0300 (Eastern European Summer Time),2016-09,,83.7,76.4,77.8,165.9,87.2,87.2,64.7,140.2,62.7
Wed Oct 16 2024 02:00:00 GMT+0300 (Eastern European Summer Time),2016-10,,78.2,68.2,83.9,148,83.7,92.4,62.9,127.5,55.5
Sat Nov 16 2024 02:00:00 GMT+0200 (Eastern European Standard Time),2016-11,,74.1,65,80.7,130.2,89.1,86.1,64.6,116.2,54
Mon Dec 16 2024 02:00:00 GMT+0200 (Eastern European Standard Time),2016-12,,76.6,66.8,90.3,119.3,97.3,83.1,61.1,117,56
Wed Jan 17 2024 02:00:00 GMT+0200 (Eastern European Standard Time),2017-01,,72.3,60.5,98.1,107.7,60.6,69.6,63.1,82.6,55.8
Sat Feb 17 2024 02:00:00 GMT+0200 (Eastern European Standard Time),2017-02,,71.9,62,90.5,109.2,60.5,74.3,70.6,87.1,56.6
Sun Mar 17 2024 02:00:00 GMT+0200 (Eastern European Standard Time),2017-03,,81.4,67.9,102.6,142.5,67.7,79.6,82.4,96,61.9
Wed Apr 17 2024 02:00:00 GMT+0300 (Eastern European Summer Time),2017-04,,80.2,67.9,96.9,144.4,67.8,78,76,98.6,61.4
Fri May 17 2024 02:00:00 GMT+0300 (Eastern European Summer Time),2017-05,,88.8,78.5,93.1,174.1,67.2,87.5,83.9,123.5,68.8
Mon Jun 17 2024 02:00:00 GMT+0300 (Eastern European Summer Time),2017-06,,93.5,85.8,88.5,186.5,67.1,88.6,81.9,145.4,73
Wed Jul 17 2024 02:00:00 GMT+0300 (Eastern European Summer Time),2017-07,,104.8,99.4,98.3,188.8,68.1,90.9,82.6,195.5,78.8
Sat Aug 17 2024 02:00:00 GMT+0300 (Eastern European Summer Time),2017-08,,106.9,103.2,104.4,168.9,63.4,97.7,76.4,202.1,82
Tue Sep 17 2024 02:00:00 GMT+0300 (Eastern European Summer Time),2017-09,,96.2,87,103.9,167.8,65.1,99.9,79.9,154.8,72.5
Thu Oct 17 2024 02:00:00 GMT+0300 (Eastern European Summer Time),2017-10,,93.6,80.3,114.6,161.4,64.3,93.7,83.1,135.6,68.4
Sun Nov 17 2024 02:00:00 GMT+0200 (Eastern European Standard Time),2017-11,,87.5,72.9,112.2,153.2,63.1,84.7,81.3,110.6,64.9
Tue Dec 17 2024 02:00:00 GMT+0200 (Eastern European Standard Time),2017-12,,92.2,72.5,126.8,168.2,87.3,93.8,84,111.2,64.2
Thu Jan 18 2024 02:00:00 GMT+0200 (Eastern European Standard Time),2018-01,,79,67.7,99.4,121.4,64.1,82.9,85.6,82.9,64.5
Sun Feb 18 2024 02:00:00 GMT+0200 (Eastern European Standard Time),2018-02,,77.2,64.8,93.2,143.8,59.3,79.8,77.1,83.9,60.8
Mon Mar 18 2024 02:00:00 GMT+0200 (Eastern European Standard Time),2018-03,,84.6,71.5,103.1,148.9,66.6,88.7,89.7,92.3,67.1
Thu Apr 18 2024 02:00:00 GMT+0300 (Eastern European Summer Time),2018-04,,85.7,73,100.3,162.4,66.3,79.1,81.1,97.7,67.7
Sat May 18 2024 02:00:00 GMT+0300 (Eastern European Summer Time),2018-05,,91.8,82.5,98.1,162.3,71,83.6,90.2,117,75.2
Tue Jun 18 2024 02:00:00 GMT+0300 (Eastern European Summer Time),2018-06,,95.5,86.6,97.5,177.3,72.1,80.4,89.6,138,75.6
Thu Jul 18 2024 02:00:00 GMT+0300 (Eastern European Summer Time),2018-07,,110.5,102.6,107,206,79.5,82.6,92,186.7,84.6
Sun Aug 18 2024 02:00:00 GMT+0300 (Eastern European Summer Time),2018-08,,112.3,107.5,106.5,190.1,79.8,84.7,86,203.9,86.9
Wed Sep 18 2024 02:00:00 GMT+0300 (Eastern European Summer Time),2018-09,,103.3,97,107.9,160.5,76.9,86.9,83.3,171.9,81
Fri Oct 18 2024 02:00:00 GMT+0300 (Eastern European Summer Time),2018-10,,99.8,91.3,112.2,149.1,77.3,96.9,87.8,145.3,79.7
Mon Nov 18 2024 02:00:00 GMT+0200 (Eastern European Standard Time),2018-11,,95.2,86.4,112.3,129.4,74.6,93.5,94.7,124.5,78.3
Wed Dec 18 2024 02:00:00 GMT+0200 (Eastern European Standard Time),2018-12,,97.4,85,115.6,159.2,82.7,95.2,92.6,111.1,79.4
Fri Jan 19 2024 02:00:00 GMT+0200 (Eastern European Standard Time),2019-01,,91,81.7,105.3,135.9,68.3,92.8,98.1,102.2,77.3
Mon Feb 19 2024 02:00:00 GMT+0200 (Eastern European Standard Time),2019-02,,91.6,82.2,104.9,138.1,74.9,87.1,104,104.9,77.3
Tue Mar 19 2024 02:00:00 GMT+0200 (Eastern European Standard Time),2019-03,,99.8,94.1,106.4,135,81.1,92.5,107.2,115.2,89.6
Fri Apr 19 2024 02:00:00 GMT+0300 (Eastern European Summer Time),2019-04,,97.9,90.8,108.4,129.9,88.4,95,110.7,119.2,84.7
Sun May 19 2024 02:00:00 GMT+0300 (Eastern European Summer Time),2019-05,,106.3,101.5,107.3,147.2,84.7,100.1,124.6,142.6,92.7
Wed Jun 19 2024 02:00:00 GMT+0300 (Eastern European Summer Time),2019-06,,108.4,108,97.8,149.5,82.8,100,112.5,170.7,94.5
Fri Jul 19 2024 02:00:00 GMT+0300 (Eastern European Summer Time),2019-07,,117.5,115.4,107.3,176.9,86.3,101.6,113.1,183.8,100.8
Mon Aug 19 2024 02:00:00 GMT+0300 (Eastern European Summer Time),2019-08,,123.5,119.6,121.7,181.5,83,101.1,112.8,187.6,105
Thu Sep 19 2024 02:00:00 GMT+0300 (Eastern European Summer Time),2019-09,,116.6,112.4,118.5,160.5,84.7,105.8,110.3,171.1,99.8
Sat Oct 19 2024 02:00:00 GMT+0300 (Eastern European Summer Time),2019-10,,113.4,108.6,121.6,141.6,81.5,112.7,113.6,154.5,98.8
Tue Nov 19 2024 02:00:00 GMT+0200 (Eastern European Standard Time),2019-11,,108.9,101.5,121.6,147.4,78.2,103.5,110.3,130.6,95.3
Thu Dec 19 2024 02:00:00 GMT+0200 (Eastern European Standard Time),2019-12,,114.6,104.8,136.5,145.7,92.8,109.1,112.6,126.8,100
Sat Jan 20 2024 02:00:00 GMT+0200 (Eastern European Standard Time),2020-01,,106.8,94.4,128.7,154,87.3,95.5,129.3,113.7,90.3
Tue Feb 20 2024 02:00:00 GMT+0200 (Eastern European Standard Time),2020-02,,100.6,91.1,120.6,126.9,85.3,94.3,120.7,109.5,87.1
Wed Mar 20 2024 02:00:00 GMT+0200 (Eastern European Standard Time),2020-03,,59.8,54.5,68.2,71.6,60.5,75.7,93,61.6,52.9
Sat Apr 20 2024 02:00:00 GMT+0300 (Eastern European Summer Time),2020-04,,16.4,20.1,2.8,15.2,11.3,46.9,35,21.1,19.9
Mon May 20 2024 02:00:00 GMT+0300 (Eastern European Summer Time),2020-05,,23.6,28.3,2.7,21.3,50.3,57.8,52.1,21.6,29.8
Thu Jun 20 2024 02:00:00 GMT+0300 (Eastern European Summer Time),2020-06,,60,65.6,43.1,52.1,76.7,69.6,63.2,51.1,68.7
Sat Jul 20 2024 02:00:00 GMT+0300 (Eastern European Summer Time),2020-07,,88.9,93.2,82.8,73.6,91.3,74.3,73.4,139.1,83.4
Tue Aug 20 2024 02:00:00 GMT+0300 (Eastern European Summer Time),2020-08,,96.4,100.5,87.2,98.8,88.7,73.1,72.7,168.4,85.9
Fri Sep 20 2024 02:00:00 GMT+0300 (Eastern European Summer Time),2020-09,,87.1,86.2,92.6,76.3,100.7,79.3,84,111,80.9
Sun Oct 20 2024 02:00:00 GMT+0300 (Eastern European Summer Time),2020-10,,74.9,72,83.8,62.4,100.5,88.9,83.1,72,72
Wed Nov 20 2024 02:00:00 GMT+0200 (Eastern European Standard Time),2020-11,,51.9,56.6,27.7,53.8,99.6,84.1,75.9,51.1,57.7
Fri Dec 20 2024 02:00:00 GMT+0200 (Eastern European Standard Time),2020-12,,56,56.8,42.1,57.2,117.9,90.8,77.3,48.8,58.5
Sun Jan 21 2024 02:00:00 GMT+0200 (Eastern European Standard Time),2021-01,,68.8,64.2,78.4,64,82.1,78,80.8,54.8,69.2
Wed Feb 21 2024 02:00:00 GMT+0200 (Eastern European Standard Time),2021-02,,75.8,68.9,95.9,66.7,83.6,78.5,89,54.6,76.4
Thu Mar 21 2024 02:00:00 GMT+0200 (Eastern European Standard Time),2021-03,,75.4,74.1,71.8,68.5,93.3,84.7,91,62.1,80.5
Sun Apr 21 2024 02:00:00 GMT+0300 (Eastern European Summer Time),2021-04,,72.2,72.2,57.3,74.1,107.1,88.4,88.2,51.6,83.1
Tue May 21 2024 02:00:00 GMT+0300 (Eastern European Summer Time),2021-05,,92.5,88.4,103.8,89.3,105.8,88.4,93.9,72.7,96.7
Fri Jun 21 2024 02:00:00 GMT+0300 (Eastern European Summer Time),2021-06,,106.7,106.7,106.6,98,114.6,100.7,109.6,97.4,111.6
Sun Jul 21 2024 02:00:00 GMT+0300 (Eastern European Summer Time),2021-07,,133.1,143.6,109.7,125.7,113.4,111.2,119.9,172.1,128.6
Wed Aug 21 2024 02:00:00 GMT+0300 (Eastern European Summer Time),2021-08,,144.1,159,119.6,119,109.8,113.8,115.6,201.1,136.8
Sat Sep 21 2024 02:00:00 GMT+0300 (Eastern European Summer Time),2021-09,,129.3,137.5,114.4,118.1,109.5,118,116.3,161.8,124.6
Mon Oct 21 2024 02:00:00 GMT+0300 (Eastern European Summer Time),2021-10,,99.5,98.4,96.5,124.2,90.3,119.4,102.8,100.7,97.1
Thu Nov 21 2024 02:00:00 GMT+0200 (Eastern European Standard Time),2021-11,,95.5,91.6,99.9,124,91,101.3,101.7,85.7,94.8
Sat Dec 21 2024 02:00:00 GMT+0200 (Eastern European Standard Time),2021-12,65.2,106.9,95.3,146.2,128.5,99.5,117.8,91.1,85.3,100.5
Mon Jan 22 2024 02:00:00 GMT+0200 (Eastern European Standard Time),2022-01,,97.3,94.4,111.9,78.5,99.7,87.3,98.2,90.4,96.6
Thu Feb 22 2024 02:00:00 GMT+0200 (Eastern European Standard Time),2022-02,,96.2,94.1,102.9,90.7,100.2,89.6,101.8,93.1,94.7
Fri Mar 22 2024 02:00:00 GMT+0200 (Eastern European Standard Time),2022-03,39,112.2,110.9,117.6,100.3,116.5,108.2,117.7,109.4,111.7
Mon Apr 22 2024 02:00:00 GMT+0300 (Eastern European Summer Time),2022-04,,113.1,112.7,116,104.2,118.9,112.1,110.8,111.8,113.2
Wed May 22 2024 02:00:00 GMT+0300 (Eastern European Summer Time),2022-05,,131,136.8,114.3,135.2,140.6,116.4,112.4,147.9,131
Sat Jun 22 2024 02:00:00 GMT+0300 (Eastern European Summer Time),2022-06,42,141.3,153.8,107.1,152.5,134.8,121.7,113.5,186.4,136.5
Mon Jul 22 2024 02:00:00 GMT+0300 (Eastern European Summer Time),2022-07,,161.3,179.1,115,157.3,147.2,138.9,134.1,235.3,149.5
Thu Aug 22 2024 02:00:00 GMT+0300 (Eastern European Summer Time),2022-08,,167.5,188.2,125.4,158.2,138,141.2,111.2,250.5,155.3
Sun Sep 22 2024 02:00:00 GMT+0300 (Eastern European Summer Time),2022-09,15.4,140.5,149.2,119.7,147.7,141.7,132.5,103.9,191.4,126.9
Tue Oct 22 2024 02:00:00 GMT+0300 (Eastern European Summer Time),2022-10,,135.5,139.5,126.6,142.7,138.9,135.5,109.8,170.2,123.3
Fri Nov 22 2024 02:00:00 GMT+0200 (Eastern European Standard Time),2022-11,,127.9,129.2,121.3,147.3,135.9,137.9,108.9,151.6,117.3
Sun Dec 22 2024 02:00:00 GMT+0200 (Eastern European Standard Time),2022-12,30.5,130.6,126.9,141.7,144.3,143,147,106.8,144.5,117.7
Tue Jan 23 2024 02:00:00 GMT+0200 (Eastern European Standard Time),2023-01,,121.1,119.2,126.8,108.3,127.3,153.4,120.5,121.6,118
Fri Feb 23 2024 02:00:00 GMT+0200 (Eastern European Standard Time),2023-02,,120.9,126,107.8,106.8,119.6,149,114.5,145,115.9
Sat Mar 23 2024 02:00:00 GMT+0200 (Eastern European Standard Time),2023-03,20.8,127.3,131.6,115.3,106.9,131.3,165.6,123.7,132.9,131
Tue Apr 23 2024 02:00:00 GMT+0300 (Eastern European Summer Time),2023-04,,125.3,128.9,118.5,108.3,122.4,161.9,114.8,139.3,123.5
Thu May 23 2024 02:00:00 GMT+0300 (Eastern European Summer Time),2023-05,,139.7,150.1,109.7,131,129.7,171.8,128.7,174,137.5
Sun Jun 23 2024 02:00:00 GMT+0300 (Eastern European Summer Time),2023-06,7.1,147.6,162.8,105.7,146.2,122.4,168.4,130.6,207.3,139.2
Tue Jul 23 2024 02:00:00 GMT+0300 (Eastern European Summer Time),2023-07,,164.3,186.5,108.7,156.4,126.6,167.1,134.5,254.4,150.6
Fri Aug 23 2024 02:00:00 GMT+0300 (Eastern European Summer Time),2023-08,,171.6,198.5,113.1,142.8,127.3,168,124.5,282.3,154.2
Mon Sep 23 2024 02:00:00 GMT+0300 (Eastern European Summer Time),2023-09,3.5,149.9,168.3,109.4,121.9,121.7,161.8,120.6,224.5,138.7
Wed Oct 23 2024 02:00:00 GMT+0300 (Eastern European Summer Time),2023-10,,139.4,152.2,106.7,117.6,122.5,160.6,131.2,185.1,134.8
Sat Nov 23 2024 02:00:00 GMT+0200 (Eastern European Standard Time),2023-11,,132,139.7,108.1,125.4,122.4,157,132.4,161.4,128.2
Mon Dec 23 2024 02:00:00 GMT+0200 (Eastern European Standard Time),2023-12,3.1,134.9,139.6,128.1,105.4,130.8,160,128,164.4,126.5
Wed Jan 24 2024 02:00:00 GMT+0200 (Eastern European Standard Time),2024-01,,123.8,124.2,123.4,121.1,97.4,160.4,135.6,146,112.7
Sat Feb 24 2024 02:00:00 GMT+0200 (Eastern European Standard Time),2024-02,,121.7,122.8,122,94.9,100.9,160.1,140.3,136.4,115.6
Sun Mar 24 2024 02:00:00 GMT+0200 (Eastern European Standard Time),2024-03,1.1,127.9,131.5,122.2,91.6,110.1,175.1,140.6,139,127.6
Wed Apr 24 2024 02:00:00 GMT+0300 (Eastern European Summer Time),2024-04,,121.6,126,106.5,89.8,119.5,185.8,135.5,133.1,122.3
Fri May 24 2024 02:00:00 GMT+0300 (Eastern European Summer Time),2024-05,,131.6,140.9,101.4,108.8,121.8,187.5,141.1,163.2,129.2
Mon Jun 24 2024 02:00:00 GMT+0300 (Eastern European Summer Time),2024-06,-3.7,144.1,160.5,97.5,119,125.9,195.2,137.9,193.5,141.7
Wed Jul 24 2024 02:00:00 GMT+0300 (Eastern European Summer Time),2024-07,,157.5,177.8,100.9,139.7,130.5,201.7,,,
Sat Aug 24 2024 02:00:00 GMT+0300 (Eastern European Summer Time),2024-08,,,,,,,,,,
Tue Sep 24 2024 02:00:00 GMT+0300 (Eastern European Summer Time),2024-09,-2.7,,,,,,,,,
Thu Oct 24 2024 02:00:00 GMT+0300 (Eastern European Summer Time),2024-10,,,,,,,,,,
Sun Nov 24 2024 02:00:00 GMT+0200 (Eastern European Standard Time),2024-11,,,,,,,,,,
Tue Dec 24 2024 02:00:00 GMT+0200 (Eastern European Standard Time),2024-12,,,,,,,,,,
Thu Jan 25 2024 02:00:00 GMT+0200 (Eastern European Standard Time),2025-01,,,,,,,,,,
Sun Feb 25 2024 02:00:00 GMT+0200 (Eastern European Standard Time),2025-02,,,,,,,,,,
Mon Mar 25 2024 02:00:00 GMT+0200 (Eastern European Standard Time),2025-03,,,,,,,,,,
Thu Apr 25 2024 02:00:00 GMT+0300 (Eastern European Summer Time),2025-04,,,,,,,,,,
Sat May 25 2024 02:00:00 GMT+0300 (Eastern European Summer Time),2025-05,,,,,,,,,,
Tue Jun 25 2024 02:00:00 GMT+0300 (Eastern European Summer Time),2025-06,,,,,,,,,,
Thu Jul 25 2024 02:00:00 GMT+0300 (Eastern European Summer Time),2025-07,,,,,,,,,,
Sun Aug 25 2024 02:00:00 GMT+0300 (Eastern European Summer Time),2025-08,,,,,,,,,,
Wed Sep 25 2024 02:00:00 GMT+0300 (Eastern European Summer Time),2025-09,,,,,,,,,,
Fri Oct 25 2024 02:00:00 GMT+0300 (Eastern European Summer Time),2025-10,,,,,,,,,,
Mon Nov 25 2024 02:00:00 GMT+0200 (Eastern European Standard Time),2025-11,,,,,,,,,,
Wed Dec 25 2024 02:00:00 GMT+0200 (Eastern European Standard Time),2025-12,,,,,,,,,,
Fri Jan 26 2024 02:00:00 GMT+0200 (Eastern European Standard Time),2026-01,,,,,,,,,,
Mon Feb 26 2024 02:00:00 GMT+0200 (Eastern European Standard Time),2026-02,,,,,,,,,,
Tue Mar 26 2024 02:00:00 GMT+0200 (Eastern European Standard Time),2026-03,,,,,,,,,,
Fri Apr 26 2024 02:00:00 GMT+0300 (Eastern European Summer Time),2026-04,,,,,,,,,,
Sun May 26 2024 02:00:00 GMT+0300 (Eastern European Summer Time),2026-05,,,,,,,,,,
Wed Jun 26 2024 02:00:00 GMT+0300 (Eastern European Summer Time),2026-06,,,,,,,,,,
Fri Jul 26 2024 02:00:00 GMT+0300 (Eastern European Summer Time),2026-07,,,,,,,,,,
Mon Aug 26 2024 02:00:00 GMT+0300 (Eastern European Summer Time),2026-08,,,,,,,,,,
Thu Sep 26 2024 02:00:00 GMT+0300 (Eastern European Summer Time),2026-09,,,,,,,,,,
Sat Oct 26 2024 02:00:00 GMT+0300 (Eastern European Summer Time),2026-10,,,,,,,,,,
Tue Nov 26 2024 02:00:00 GMT+0200 (Eastern European Standard Time),2026-11,,,,,,,,,,
Thu Dec 26 2024 02:00:00 GMT+0200 (Eastern European Standard Time),2026-12,,,,,,,,,,